gid,role,role_score,cluster_id,priority_score,evidence
100000000011452100,consolidator,0.836031,1,0.705413,"Consolidation signs: 3 senders, KZT110k in, 1 recipients; investigation hypothesis."
100000000018102100,peripheral,0.35,2,0.23025,"Depth 4 boundary: KZT7k from 1 senders; downstream activity is unobserved, so no terminal conclusion."
100000000031787100,peripheral,0.345222,3,0.457803,"Peripheral pattern: 1 senders, 2 recipients, KZT180k observed flow; no stronger rule matched."
100000000041368100,terminal,0.820865,4,0.635343,Observed depth 1: KZT160k retained (100%) with 0 recipients; terminal-behavior hypothesis.
100000000076451100,coordinator,0.993009,5,0.723132,"Coordination signs: 3 senders, 4 recipients, KZT88k in/KZT58k out; structural 0.88."
100000000089154100,distributor,0.927378,1,0.739537,"Distribution signs: 15 recipients, KZT426k out in 21 tx; investigation hypothesis."
100000000190228100,peripheral,0.402086,6,0.449484,"Peripheral pattern: 1 senders, 1 recipients, KZT34k observed flow; no stronger rule matched."
100000000201868100,transit,0.926081,7,0.733054,Pass-through signs: 100% sent onward; 100% outgoing value within 0-2 days; hypothesis only.
100000000254336100,transit,0.538396,1,0.571503,Pass-through signs: 62% sent onward; 100% outgoing value within 0-2 days; hypothesis only.
100000000267734100,distributor,0.904899,3,0.68073,"Distribution signs: 7 recipients, KZT282k out in 8 tx; investigation hypothesis."
100000000274067100,peripheral,0.256729,3,0.571371,"Peripheral pattern: 2 senders, 3 recipients, KZT3.5m observed flow; no stronger rule matched."
100000000287768100,peripheral,0.57952,1,0.39256,"Peripheral pattern: 1 senders, 0 recipients, KZT35k observed flow; no stronger rule matched."
100000000288317100,peripheral,0.300247,2,0.509939,"Peripheral pattern: 2 senders, 3 recipients, KZT154k observed flow; no stronger rule matched."
100000000291906100,peripheral,0.293293,8,0.623192,"Peripheral pattern: 2 senders, 2 recipients, KZT844k observed flow; no stronger rule matched."
100000000291908100,terminal,0.88602,8,0.682023,Observed depth 3: KZT282k retained (95%) with 1 recipients; terminal-behavior hypothesis.
100000000297649100,peripheral,0.402086,9,0.499293,"Peripheral pattern: 1 senders, 1 recipients, KZT111k observed flow; no stronger rule matched."
100000000299820100,peripheral,0.35,2,0.249747,"Depth 4 boundary: KZT10k from 1 senders; downstream activity is unobserved, so no terminal conclusion."
100000000307908100,peripheral,0.594213,10,0.253698,"Peripheral pattern: 1 senders, 0 recipients, KZT5k observed flow; no stronger rule matched."
100000000331309100,coordinator,1.0,11,0.860092,"Coordination signs: 5 senders, 99 recipients, KZT985k in/KZT23.0m out; structural 0.98."
100000000332284100,coordinator,0.990068,11,0.824541,"Coordination signs: 10 senders, 3 recipients, KZT107k in/KZT290k out; structural 0.88."
100000000343175100,coordinator,1.0,12,0.855103,"Coordination signs: 8 senders, 31 recipients, KZT179k in/KZT4.0m out; structural 0.95. Seed inflow incomplete."
100000000369781100,peripheral,0.35,11,0.236124,"Depth 4 boundary: KZT5k from 1 senders; downstream activity is unobserved, so no terminal conclusion."
100000000375150100,peripheral,0.35,13,0.482683,"Depth 4 boundary: KZT300k from 1 senders; downstream activity is unobserved, so no terminal conclusion."
100000000404740100,peripheral,0.35,14,0.305231,"Depth 4 boundary: KZT25k from 1 senders; downstream activity is unobserved, so no terminal conclusion."
100000000408846100,peripheral,0.565052,15,0.408371,"Peripheral pattern: 1 senders, 0 recipients, KZT40k observed flow; no stronger rule matched."
100000000413678100,peripheral,0.293742,2,0.567107,"Peripheral pattern: 2 senders, 3 recipients, KZT835k observed flow; no stronger rule matched."
100000000424935100,peripheral,0.35,16,0.247963,"Depth 4 boundary: KZT15k from 1 senders; downstream activity is unobserved, so no terminal conclusion."
100000000425407100,peripheral,0.594213,4,0.383433,"Peripheral pattern: 1 senders, 0 recipients, KZT20k observed flow; no stronger rule matched."
100000000437046100,coordinator,1.0,1,0.88668,"Coordination signs: 9 senders, 42 recipients, KZT1.1m in/KZT7.6m out; structural 0.97."
100000000440392100,terminal,0.770216,17,0.582467,Observed depth 1: KZT106k retained (100%) with 0 recipients; terminal-behavior hypothesis.
100000000456947100,peripheral,0.4,18,0.171052,Seed: 0 recipients and KZT0 observed out; incoming flow is incomplete; investigation hypothesis only.
100000000470237100,peripheral,0.35,16,0.325219,"Depth 4 boundary: KZT32k from 1 senders; downstream activity is unobserved, so no terminal conclusion."
100000000481716100,peripheral,0.594213,19,0.333779,"Peripheral pattern: 1 senders, 0 recipients, KZT8k observed flow; no stronger rule matched."
100000000489417100,transit,0.814842,13,0.685225,Pass-through signs: 109% sent onward; 100% outgoing value within 0-2 days; hypothesis only.
100000000490383100,coordinator,0.956821,17,0.759148,"Coordination signs: 3 senders, 8 recipients, KZT63k in/KZT461k out; structural 0.80."
100000000500040100,peripheral,0.35,1,0.268169,"Depth 4 boundary: KZT20k from 1 senders; downstream activity is unobserved, so no terminal conclusion."
100000000507799100,peripheral,0.402086,20,0.357712,"Peripheral pattern: 1 senders, 1 recipients, KZT13k observed flow; no stronger rule matched."
100000000533217100,peripheral,0.526133,1,0.468283,"Peripheral pattern: 1 senders, 0 recipients, KZT54k observed flow; no stronger rule matched."
100000000534581100,peripheral,0.345222,2,0.438259,"Peripheral pattern: 2 senders, 1 recipients, KZT96k observed flow; no stronger rule matched."
100000000542087100,peripheral,0.35,21,0.206375,"Depth 4 boundary: KZT9k from 1 senders; downstream activity is unobserved, so no terminal conclusion."
100000000552584100,terminal,0.990373,22,0.685745,Observed depth 3: KZT2.4m retained (98%) with 1 recipients; terminal-behavior hypothesis.
100000000555721100,terminal,0.779946,1,0.609607,Observed depth 1: KZT113k retained (100%) with 0 recipients; terminal-behavior hypothesis.
100000000557536100,peripheral,0.35,21,0.418105,"Depth 4 boundary: KZT153k from 1 senders; downstream activity is unobserved, so no terminal conclusion."
100000000560751100,peripheral,0.594213,13,0.408073,"Peripheral pattern: 1 senders, 0 recipients, KZT25k observed flow; no stronger rule matched."
100000000561160100,peripheral,0.35,4,0.430295,"Depth 4 boundary: KZT240k from 1 senders; downstream activity is unobserved, so no terminal conclusion."
100000000569479100,terminal,0.910119,1,0.64053,Observed depth 3: KZT320k retained (100%) with 0 recipients; terminal-behavior hypothesis.
100000000572276100,peripheral,0.402086,23,0.314014,"Peripheral pattern: 1 senders, 1 recipients, KZT48k observed flow; no stronger rule matched."
100000000580561100,peripheral,0.273329,24,0.536321,Seed: 3 recipients and KZT1.5m observed out; incoming flow is incomplete; investigation hypothesis only.
100000000581662100,peripheral,0.35,25,0.216871,"Depth 4 boundary: KZT21k from 1 senders; downstream activity is unobserved, so no terminal conclusion."
100000000581682100,peripheral,0.35,16,0.203872,"Depth 4 boundary: KZT5k from 1 senders; downstream activity is unobserved, so no terminal conclusion."
100000000583220100,peripheral,0.298452,26,0.54081,"Peripheral pattern: 1 senders, 1 recipients, KZT766k observed flow; no stronger rule matched."
100000000594783100,peripheral,0.258973,22,0.577992,"Peripheral pattern: 1 senders, 2 recipients, KZT2.8m observed flow; no stronger rule matched."
100000000596954100,peripheral,0.345222,4,0.625948,"Peripheral pattern: 1 senders, 2 recipients, KZT168k observed flow; no stronger rule matched."
100000000600707100,peripheral,0.35,27,0.333943,"Depth 4 boundary: KZT89k from 1 senders; downstream activity is unobserved, so no terminal conclusion."
100000000607731100,peripheral,0.402086,28,0.401022,"Peripheral pattern: 1 senders, 1 recipients, KZT87k observed flow; no stronger rule matched."
100000000607941100,peripheral,0.345222,17,0.537796,"Peripheral pattern: 2 senders, 1 recipients, KZT120k observed flow; no stronger rule matched."
100000000608031100,peripheral,0.35,29,0.316547,"Depth 4 boundary: KZT30k from 1 senders; downstream activity is unobserved, so no terminal conclusion."
100000000611474100,peripheral,0.588941,30,0.429369,"Peripheral pattern: 1 senders, 0 recipients, KZT32k observed flow; no stronger rule matched."
100000000625169100,peripheral,0.594213,23,0.261747,"Peripheral pattern: 1 senders, 0 recipients, KZT10k observed flow; no stronger rule matched."
100000000627521100,peripheral,0.35,31,0.201286,"Depth 4 boundary: KZT6k from 1 senders; downstream activity is unobserved, so no terminal conclusion."
100000000629812100,peripheral,0.402086,32,0.405084,"Peripheral pattern: 2 senders, 0 recipients, KZT22k observed flow; no stronger rule matched."
100000000634341100,peripheral,0.35,1,0.318106,"Depth 4 boundary: KZT24k from 1 senders; downstream activity is unobserved, so no terminal conclusion."
100000000640800100,peripheral,0.300247,2,0.566643,"Peripheral pattern: 1 senders, 4 recipients, KZT598k observed flow; no stronger rule matched."
100000000646541100,peripheral,0.345222,1,0.406776,"Peripheral pattern: 3 senders, 0 recipients, KZT25k observed flow; no stronger rule matched."
100000000655469100,peripheral,0.35,33,0.29374,"Depth 4 boundary: KZT20k from 1 senders; downstream activity is unobserved, so no terminal conclusion."
100000000656682100,peripheral,0.345222,1,0.466463,"Peripheral pattern: 1 senders, 2 recipients, KZT151k observed flow; no stronger rule matched."
100000000661131100,peripheral,0.594213,23,0.266662,"Peripheral pattern: 1 senders, 0 recipients, KZT16k observed flow; no stronger rule matched."
100000000661912100,consolidator,0.834164,1,0.8147,"Consolidation signs: 5 senders, KZT393k in, 2 recipients; investigation hypothesis."
100000000667713100,distributor,0.840922,17,0.710488,"Distribution signs: 6 recipients, KZT79k out in 7 tx; investigation hypothesis."
100000000673868100,distributor,0.923919,34,0.817118,"Distribution signs: 5 recipients, KZT383k out in 19 tx; investigation hypothesis."
100000000673915100,peripheral,0.35,21,0.251789,"Depth 4 boundary: KZT20k from 1 senders; downstream activity is unobserved, so no terminal conclusion."
100000000703894100,peripheral,0.402086,28,0.445912,"Peripheral pattern: 1 senders, 1 recipients, KZT155k observed flow; no stronger rule matched."
100000000703902100,peripheral,0.594213,23,0.340074,"Peripheral pattern: 1 senders, 0 recipients, KZT25k observed flow; no stronger rule matched."
100000000704700100,peripheral,0.35,35,0.187067,"Depth 4 boundary: KZT10k from 1 senders; downstream activity is unobserved, so no terminal conclusion."
100000000706545100,consolidator,0.92599,17,0.776405,"Consolidation signs: 3 senders, KZT1.1m in, 1 recipients; investigation hypothesis."
100000000718427100,peripheral,0.594213,23,0.245237,"Peripheral pattern: 1 senders, 0 recipients, KZT6k observed flow; no stronger rule matched."
100000000723383100,peripheral,0.345222,33,0.500382,"Peripheral pattern: 1 senders, 2 recipients, KZT82k observed flow; no stronger rule matched."
100000000724540100,peripheral,0.402086,36,0.505182,"Peripheral pattern: 1 senders, 1 recipients, KZT150k observed flow; no stronger rule matched."
100000000733373100,peripheral,0.594213,17,0.349381,"Peripheral pattern: 1 senders, 0 recipients, KZT11k observed flow; no stronger rule matched."
100000000733451100,peripheral,0.344886,13,0.57672,"Peripheral pattern: 1 senders, 1 recipients, KZT370k observed flow; no stronger rule matched."
100000000733940100,peripheral,0.299349,37,0.476172,"Depth 4 boundary: KZT752k from 1 senders; downstream activity is unobserved, so no terminal conclusion."
100000000737152100,peripheral,0.35,1,0.315037,"Depth 4 boundary: KZT35k from 1 senders; downstream activity is unobserved, so no terminal conclusion."
100000000749118100,peripheral,0.402086,1,0.347729,"Peripheral pattern: 1 senders, 1 recipients, KZT27k observed flow; no stronger rule matched."
100000000764836100,peripheral,0.345222,2,0.563192,"Peripheral pattern: 1 senders, 2 recipients, KZT302k observed flow; no stronger rule matched."
100000000765628100,peripheral,0.594213,17,0.32934,"Peripheral pattern: 1 senders, 0 recipients, KZT5k observed flow; no stronger rule matched."
100000000769919100,terminal,0.883474,38,0.582463,Observed depth 2: KZT250k retained (100%) with 0 recipients; terminal-behavior hypothesis.
100000000782285100,peripheral,0.594213,1,0.323017,"Peripheral pattern: 1 senders, 0 recipients, KZT6k observed flow; no stronger rule matched."
100000000783406100,peripheral,0.594213,39,0.303155,"Peripheral pattern: 1 senders, 0 recipients, KZT6k observed flow; no stronger rule matched."
100000000785800100,transit,0.836599,40,0.504236,Pass-through signs: 100% sent onward; 100% outgoing value within 0-2 days; hypothesis only.
100000000790311100,peripheral,0.551705,5,0.431776,"Peripheral pattern: 1 senders, 0 recipients, KZT46k observed flow; no stronger rule matched."
100000000791285100,transit,0.570145,15,0.713304,Pass-through signs: 58% sent onward; 95% outgoing value within 0-2 days; hypothesis only.
100000000795033100,peripheral,0.594213,1,0.397675,"Peripheral pattern: 1 senders, 0 recipients, KZT18k observed flow; no stronger rule matched."
100000000795129100,terminal,0.914257,5,0.657287,Observed depth 2: KZT332k retained (100%) with 0 recipients; terminal-behavior hypothesis.
100000000795374100,peripheral,0.538246,2,0.418184,"Peripheral pattern: 1 senders, 0 recipients, KZT50k observed flow; no stronger rule matched."
100000000802149100,terminal,0.768034,1,0.524337,Observed depth 3: KZT104k retained (100%) with 0 recipients; terminal-behavior hypothesis.
100000000803368100,peripheral,0.35,41,0.406079,"Depth 4 boundary: KZT140k from 1 senders; downstream activity is unobserved, so no terminal conclusion."
100000000806727100,peripheral,0.402086,4,0.461085,"Peripheral pattern: 1 senders, 1 recipients, KZT50k observed flow; no stronger rule matched."
100000000810551100,peripheral,0.402086,4,0.550606,"Peripheral pattern: 1 senders, 1 recipients, KZT107k observed flow; no stronger rule matched."
100000000817146100,peripheral,0.500785,17,0.513099,"Peripheral pattern: 1 senders, 0 recipients, KZT70k observed flow; no stronger rule matched."
100000000821507100,terminal,0.930759,34,0.665567,Observed depth 2: KZT400k retained (100%) with 0 recipients; terminal-behavior hypothesis.
100000000831684100,peripheral,0.402086,9,0.460506,"Peripheral pattern: 1 senders, 1 recipients, KZT65k observed flow; no stronger rule matched."
100000000838385100,peripheral,0.306976,16,0.61661,"Peripheral pattern: 1 senders, 2 recipients, KZT614k observed flow; no stronger rule matched."
100000000850297100,transit,0.83487,12,0.480575,Pass-through signs: 100% sent onward; 100% outgoing value within 0-2 days; hypothesis only.
100000000860514100,peripheral,0.402086,14,0.436958,"Peripheral pattern: 1 senders, 1 recipients, KZT62k observed flow; no stronger rule matched."
100000000861294100,terminal,0.812317,3,0.51274,Observed depth 2: KZT150k retained (100%) with 0 recipients; terminal-behavior hypothesis.
100000000870121100,peripheral,0.594213,13,0.341502,"Peripheral pattern: 1 senders, 0 recipients, KZT12k observed flow; no stronger rule matched."
100000000878006100,peripheral,0.548789,11,0.400456,"Peripheral pattern: 1 senders, 0 recipients, KZT47k observed flow; no stronger rule matched."
100000000896111100,terminal,0.900252,22,0.565665,Observed depth 3: KZT287k retained (100%) with 0 recipients; terminal-behavior hypothesis.
100000000907277100,peripheral,0.594213,23,0.307393,"Peripheral pattern: 1 senders, 0 recipients, KZT18k observed flow; no stronger rule matched."
100000000910216100,peripheral,0.402086,4,0.521438,"Peripheral pattern: 1 senders, 1 recipients, KZT123k observed flow; no stronger rule matched."
100000000912487100,peripheral,0.594213,4,0.355064,"Peripheral pattern: 1 senders, 0 recipients, KZT10k observed flow; no stronger rule matched."
100000000913911100,peripheral,0.283872,4,0.560948,"Peripheral pattern: 2 senders, 1 recipients, KZT1.1m observed flow; no stronger rule matched."
100000000917179100,peripheral,0.470727,41,0.495148,"Peripheral pattern: 1 senders, 0 recipients, KZT94k observed flow; no stronger rule matched."
100000000922570100,peripheral,0.402086,9,0.3851,"Peripheral pattern: 1 senders, 1 recipients, KZT97k observed flow; no stronger rule matched."
100000000926078100,peripheral,0.35,2,0.434802,"Depth 4 boundary: KZT250k from 1 senders; downstream activity is unobserved, so no terminal conclusion."
100000000926766100,peripheral,0.402086,14,0.419956,"Peripheral pattern: 1 senders, 1 recipients, KZT25k observed flow; no stronger rule matched."
100000000933075100,transit,0.445576,9,0.559302,Pass-through signs: 138% sent onward; 73% outgoing value within 0-2 days; hypothesis only.
100000000941942100,terminal,0.792858,4,0.613762,Observed depth 1: KZT130k retained (100%) with 0 recipients; terminal-behavior hypothesis.
100000000942301100,peripheral,0.51873,1,0.445886,"Peripheral pattern: 1 senders, 0 recipients, KZT58k observed flow; no stronger rule matched."
100000000943371100,peripheral,0.594213,13,0.398764,"Peripheral pattern: 1 senders, 0 recipients, KZT16k observed flow; no stronger rule matched."
100000000945428100,peripheral,0.477456,1,0.474652,"Peripheral pattern: 1 senders, 0 recipients, KZT90k observed flow; no stronger rule matched."
100000000954884100,peripheral,0.584118,39,0.410255,"Peripheral pattern: 1 senders, 0 recipients, KZT34k observed flow; no stronger rule matched."
100000000955444100,peripheral,0.594213,24,0.277301,"Peripheral pattern: 1 senders, 0 recipients, KZT7k observed flow; no stronger rule matched."
100000000955529100,peripheral,0.402086,4,0.433344,"Peripheral pattern: 1 senders, 1 recipients, KZT90k observed flow; no stronger rule matched."
100000000957746100,peripheral,0.35,29,0.229105,"Depth 4 boundary: KZT5k from 1 senders; downstream activity is unobserved, so no terminal conclusion."
100000000961900100,peripheral,0.402086,1,0.427764,"Peripheral pattern: 2 senders, 0 recipients, KZT36k observed flow; no stronger rule matched."
100000000967918100,peripheral,0.594213,1,0.428919,"Peripheral pattern: 1 senders, 0 recipients, KZT21k observed flow; no stronger rule matched."
100000000968253100,peripheral,0.594213,23,0.294352,"Peripheral pattern: 1 senders, 0 recipients, KZT15k observed flow; no stronger rule matched."
100000000971908100,peripheral,0.478241,3,0.393292,"Peripheral pattern: 1 senders, 0 recipients, KZT89k observed flow; no stronger rule matched."
100000000976943100,peripheral,0.402086,12,0.519705,"Peripheral pattern: 1 senders, 1 recipients, KZT154k observed flow; no stronger rule matched."
100000000978041100,peripheral,0.55821,23,0.373629,"Peripheral pattern: 1 senders, 0 recipients, KZT44k observed flow; no stronger rule matched."
100000000979567100,peripheral,0.594213,23,0.29693,"Peripheral pattern: 1 senders, 0 recipients, KZT10k observed flow; no stronger rule matched."
100000000979923100,peripheral,0.465568,12,0.488643,"Peripheral pattern: 1 senders, 0 recipients, KZT98k observed flow; no stronger rule matched."
100000000981693100,peripheral,0.35,1,0.275344,"Depth 4 boundary: KZT16k from 1 senders; downstream activity is unobserved, so no terminal conclusion."
100000000993112100,terminal,0.804816,42,0.596934,Observed depth 2: KZT141k retained (100%) with 0 recipients; terminal-behavior hypothesis.
100000000998559100,terminal,0.759668,4,0.589292,Observed depth 1: KZT100k retained (100%) with 0 recipients; terminal-behavior hypothesis.
100000001009583100,terminal,0.927894,11,0.636088,Observed depth 3: KZT394k retained (100%) with 0 recipients; terminal-behavior hypothesis.
100000001046057100,peripheral,0.48598,43,0.44838,"Peripheral pattern: 1 senders, 0 recipients, KZT83k observed flow; no stronger rule matched."
100000001046626100,terminal,0.812317,11,0.54735,Observed depth 3: KZT150k retained (100%) with 0 recipients; terminal-behavior hypothesis.
100000001049200100,peripheral,0.289255,44,0.513622,"Peripheral pattern: 2 senders, 4 recipients, KZT113k observed flow; no stronger rule matched."
100000001052789100,peripheral,0.499664,44,0.43375,"Peripheral pattern: 1 senders, 0 recipients, KZT71k observed flow; no stronger rule matched."
100000001052945100,peripheral,0.270861,45,0.571084,"Peripheral pattern: 1 senders, 3 recipients, KZT1.7m observed flow; no stronger rule matched."
100000001053894100,peripheral,0.264805,31,0.50035,"Depth 4 boundary: KZT2.0m from 1 senders; downstream activity is unobserved, so no terminal conclusion."
100000001056414100,terminal,0.883474,25,0.548465,Observed depth 3: KZT250k retained (100%) with 0 recipients; terminal-behavior hypothesis.
100000001063678100,peripheral,0.345222,30,0.498989,"Peripheral pattern: 1 senders, 2 recipients, KZT125k observed flow; no stronger rule matched."
100000001065234100,peripheral,0.346792,46,0.452746,"Depth 4 boundary: KZT360k from 1 senders; downstream activity is unobserved, so no terminal conclusion."
100000001065481100,peripheral,0.35,13,0.28708,"Depth 4 boundary: KZT16k from 1 senders; downstream activity is unobserved, so no terminal conclusion."
100000001066017100,peripheral,0.289255,1,0.51692,"Peripheral pattern: 2 senders, 4 recipients, KZT219k observed flow; no stronger rule matched."
100000001072022100,consolidator,0.996464,4,0.828895,"Consolidation signs: 3 senders, KZT1.7m in, 0 recipients; investigation hypothesis."
100000001073568100,peripheral,0.289255,41,0.619017,"Peripheral pattern: 1 senders, 2 recipients, KZT927k observed flow; no stronger rule matched."
100000001074553100,peripheral,0.402086,6,0.342698,"Peripheral pattern: 2 senders, 0 recipients, KZT29k observed flow; no stronger rule matched."
100000001083990100,peripheral,0.541386,9,0.483638,"Peripheral pattern: 1 senders, 0 recipients, KZT50k observed flow; no stronger rule matched."
100000001089055100,peripheral,0.35,29,0.250702,"Depth 4 boundary: KZT13k from 1 senders; downstream activity is unobserved, so no terminal conclusion."
100000001102676100,transit,0.873487,4,0.668664,Pass-through signs: 100% sent onward; 100% outgoing value within 0-2 days; hypothesis only.
100000001103905100,peripheral,0.594213,23,0.310156,"Peripheral pattern: 1 senders, 0 recipients, KZT18k observed flow; no stronger rule matched."
100000001110358100,peripheral,0.402086,1,0.383691,"Peripheral pattern: 2 senders, 0 recipients, KZT32k observed flow; no stronger rule matched."
100000001111763100,peripheral,0.594213,23,0.304879,"Peripheral pattern: 1 senders, 0 recipients, KZT17k observed flow; no stronger rule matched."
100000001114385100,peripheral,0.594213,4,0.400132,"Peripheral pattern: 1 senders, 0 recipients, KZT30k observed flow; no stronger rule matched."
100000001126374100,consolidator,0.796494,1,0.716776,"Consolidation signs: 4 senders, KZT182k in, 2 recipients; investigation hypothesis."
100000001130176100,peripheral,0.594213,1,0.424933,"Peripheral pattern: 1 senders, 0 recipients, KZT25k observed flow; no stronger rule matched."
100000001130553100,peripheral,0.35,11,0.299524,"Depth 4 boundary: KZT18k from 1 senders; downstream activity is unobserved, so no terminal conclusion."
100000001131403100,peripheral,0.272207,45,0.495554,"Depth 4 boundary: KZT1.6m from 1 senders; downstream activity is unobserved, so no terminal conclusion."
100000001138283100,transit,0.453576,2,0.533176,Pass-through signs: 61% sent onward; 80% outgoing value within 0-2 days; hypothesis only.
100000001138376100,peripheral,0.594213,5,0.351695,"Peripheral pattern: 1 senders, 0 recipients, KZT15k observed flow; no stronger rule matched."
100000001140785100,terminal,0.864333,43,0.643976,Observed depth 3: KZT215k retained (100%) with 0 recipients; terminal-behavior hypothesis.
100000001141268100,terminal,0.937191,36,0.791663,Observed depth 3: KZT470k retained (98%) with 1 recipients; terminal-behavior hypothesis.
100000001145749100,peripheral,0.594213,4,0.379474,"Peripheral pattern: 1 senders, 0 recipients, KZT10k observed flow; no stronger rule matched."
100000001149815100,peripheral,0.594213,23,0.251241,"Peripheral pattern: 1 senders, 0 recipients, KZT12k observed flow; no stronger rule matched."
100000001155773100,peripheral,0.594213,23,0.292656,"Peripheral pattern: 1 senders, 0 recipients, KZT22k observed flow; no stronger rule matched."
100000001160401100,peripheral,0.547555,1,0.437534,"Peripheral pattern: 1 senders, 0 recipients, KZT47k observed flow; no stronger rule matched."
100000001162560100,distributor,0.987896,6,0.717499,"Distribution signs: 12 recipients, KZT2.9m out in 14 tx; investigation hypothesis."
100000001164648100,peripheral,0.402086,47,0.343976,"Peripheral pattern: 2 senders, 0 recipients, KZT14k observed flow; no stronger rule matched."
100000001166289100,terminal,0.960866,23,0.73646,Observed depth 2: KZT696k retained (97%) with 1 recipients; terminal-behavior hypothesis.
100000001169666100,terminal,0.818902,19,0.652286,Observed depth 3: KZT196k retained (89%) with 1 recipients; terminal-behavior hypothesis.
100000001184915100,terminal,0.85651,5,0.632225,Observed depth 2: KZT201k retained (100%) with 0 recipients; terminal-behavior hypothesis.
100000001194266100,peripheral,0.538246,4,0.480909,"Peripheral pattern: 1 senders, 0 recipients, KZT50k observed flow; no stronger rule matched."
100000001202637100,peripheral,0.35,19,0.277125,"Depth 4 boundary: KZT10k from 1 senders; downstream activity is unobserved, so no terminal conclusion."
100000001202787100,peripheral,0.35,1,0.291918,"Depth 4 boundary: KZT15k from 2 senders; downstream activity is unobserved, so no terminal conclusion."
100000001220124100,peripheral,0.35,2,0.333716,"Depth 4 boundary: KZT40k from 1 senders; downstream activity is unobserved, so no terminal conclusion."
100000001222245100,peripheral,0.334679,11,0.483285,"Depth 4 boundary: KZT420k from 1 senders; downstream activity is unobserved, so no terminal conclusion."
100000001222263100,transit,0.458003,11,0.621677,Pass-through signs: 56% sent onward; 71% outgoing value within 0-2 days; hypothesis only.
100000001223977100,peripheral,0.402086,48,0.406208,"Peripheral pattern: 1 senders, 1 recipients, KZT23k observed flow; no stronger rule matched."
100000001227106100,terminal,0.823956,11,0.557593,Observed depth 3: KZT165k retained (100%) with 0 recipients; terminal-behavior hypothesis.
100000001229743100,peripheral,0.402086,1,0.315834,"Peripheral pattern: 1 senders, 1 recipients, KZT16k observed flow; no stronger rule matched."
100000001232297100,peripheral,0.345222,13,0.437598,"Peripheral pattern: 1 senders, 2 recipients, KZT50k observed flow; no stronger rule matched."
100000001236706100,consolidator,0.782895,13,0.641424,"Consolidation signs: 3 senders, KZT143k in, 2 recipients; investigation hypothesis."
100000001241318100,peripheral,0.528039,1,0.462386,"Peripheral pattern: 1 senders, 0 recipients, KZT53k observed flow; no stronger rule matched."
100000001246806100,peripheral,0.35,6,0.42428,"Depth 4 boundary: KZT130k from 1 senders; downstream activity is unobserved, so no terminal conclusion."
100000001248999100,peripheral,0.594213,29,0.363666,"Peripheral pattern: 1 senders, 0 recipients, KZT23k observed flow; no stronger rule matched."
100000001249054100,peripheral,0.35,19,0.248667,"Depth 4 boundary: KZT17k from 1 senders; downstream activity is unobserved, so no terminal conclusion."
100000001250022100,peripheral,0.538246,3,0.366094,"Peripheral pattern: 1 senders, 0 recipients, KZT50k observed flow; no stronger rule matched."
100000001251686100,peripheral,0.594213,4,0.393326,"Peripheral pattern: 1 senders, 0 recipients, KZT18k observed flow; no stronger rule matched."
100000001252290100,terminal,0.788851,11,0.563145,Observed depth 3: KZT136k retained (96%) with 1 recipients; terminal-behavior hypothesis.
100000001253557100,consolidator,0.939347,43,0.739289,"Consolidation signs: 5 senders, KZT210k in, 0 recipients; investigation hypothesis."
100000001256409100,peripheral,0.35,2,0.181428,"Depth 4 boundary: KZT8k from 1 senders; downstream activity is unobserved, so no terminal conclusion."
100000001262647100,peripheral,0.594213,5,0.394411,"Peripheral pattern: 1 senders, 0 recipients, KZT24k observed flow; no stronger rule matched."
100000001270349100,terminal,0.852736,49,0.532884,Observed depth 3: KZT200k retained (100%) with 0 recipients; terminal-behavior hypothesis.
100000001270470100,peripheral,0.35,1,0.323377,"Depth 4 boundary: KZT28k from 1 senders; downstream activity is unobserved, so no terminal conclusion."
100000001273783100,peripheral,0.594213,12,0.321868,"Peripheral pattern: 1 senders, 0 recipients, KZT23k observed flow; no stronger rule matched."
100000001275557100,peripheral,0.35,30,0.277604,"Depth 4 boundary: KZT20k from 1 senders; downstream activity is unobserved, so no terminal conclusion."
100000001275752100,terminal,0.81641,6,0.576594,Observed depth 3: KZT152k retained (100%) with 0 recipients; terminal-behavior hypothesis.
100000001276409100,peripheral,0.35,19,0.371699,"Depth 4 boundary: KZT95k from 1 senders; downstream activity is unobserved, so no terminal conclusion."
100000001279272100,transit,0.488002,1,0.644258,Pass-through signs: 55% sent onward; 95% outgoing value within 0-2 days; hypothesis only.
100000001279875100,peripheral,0.542732,25,0.370733,"Peripheral pattern: 1 senders, 0 recipients, KZT49k observed flow; no stronger rule matched."
100000001280798100,peripheral,0.594213,19,0.373975,"Peripheral pattern: 1 senders, 0 recipients, KZT24k observed flow; no stronger rule matched."
100000001282143100,consolidator,0.9966,25,0.799999,"Consolidation signs: 5 senders, KZT1.7m in, 0 recipients; investigation hypothesis."
100000001285440100,terminal,0.879701,36,0.667499,Observed depth 3: KZT243k retained (100%) with 0 recipients; terminal-behavior hypothesis.
100000001286703100,peripheral,0.35,31,0.251583,"Depth 4 boundary: KZT20k from 1 senders; downstream activity is unobserved, so no terminal conclusion."
100000001287955100,peripheral,0.300247,25,0.53566,"Peripheral pattern: 1 senders, 4 recipients, KZT328k observed flow; no stronger rule matched."
100000001290243100,peripheral,0.594213,17,0.349592,"Peripheral pattern: 1 senders, 0 recipients, KZT10k observed flow; no stronger rule matched."
100000001297206100,peripheral,0.35,1,0.21943,"Depth 4 boundary: KZT7k from 1 senders; downstream activity is unobserved, so no terminal conclusion."
100000001298099100,peripheral,0.594213,19,0.354451,"Peripheral pattern: 1 senders, 0 recipients, KZT19k observed flow; no stronger rule matched."
100000001299323100,peripheral,0.35,6,0.382754,"Depth 4 boundary: KZT109k from 1 senders; downstream activity is unobserved, so no terminal conclusion."
100000001299443100,peripheral,0.35,47,0.145954,"Depth 4 boundary: KZT8k from 1 senders; downstream activity is unobserved, so no terminal conclusion."
100000001299828100,peripheral,0.35,1,0.391291,"Depth 4 boundary: KZT100k from 1 senders; downstream activity is unobserved, so no terminal conclusion."
100000001303311100,consolidator,0.99524,36,0.786295,"Consolidation signs: 5 senders, KZT1.3m in, 0 recipients; investigation hypothesis."
100000001307612100,peripheral,0.571669,23,0.367285,"Peripheral pattern: 1 senders, 0 recipients, KZT38k observed flow; no stronger rule matched."
100000001308856100,peripheral,0.594213,23,0.335471,"Peripheral pattern: 1 senders, 0 recipients, KZT27k observed flow; no stronger rule matched."
100000001311175100,peripheral,0.35,25,0.388235,"Depth 4 boundary: KZT300k from 1 senders; downstream activity is unobserved, so no terminal conclusion."
100000001317336100,peripheral,0.266151,37,0.572227,"Peripheral pattern: 1 senders, 2 recipients, KZT1.9m observed flow; no stronger rule matched."
100000001325618100,peripheral,0.35,47,0.149819,"Depth 4 boundary: KZT9k from 1 senders; downstream activity is unobserved, so no terminal conclusion."
100000001329153100,terminal,0.8155,1,0.554468,Observed depth 3: KZT151k retained (100%) with 0 recipients; terminal-behavior hypothesis.
100000001330595100,peripheral,0.315612,35,0.458215,"Peripheral pattern: 3 senders, 1 recipients, KZT241k observed flow; no stronger rule matched."
100000001330685100,consolidator,0.931837,11,0.770014,"Consolidation signs: 3 senders, KZT2.4m in, 1 recipients; investigation hypothesis."
100000001339466100,peripheral,0.594213,4,0.43793,"Peripheral pattern: 1 senders, 0 recipients, KZT30k observed flow; no stronger rule matched."
100000001346560100,peripheral,0.345222,4,0.527871,"Peripheral pattern: 2 senders, 1 recipients, KZT32k observed flow; no stronger rule matched."
100000001362940100,peripheral,0.490579,4,0.503023,"Peripheral pattern: 1 senders, 0 recipients, KZT81k observed flow; no stronger rule matched."
100000001363952100,peripheral,0.345222,2,0.541644,"Peripheral pattern: 2 senders, 1 recipients, KZT288k observed flow; no stronger rule matched."
100000001373265100,terminal,0.790781,2,0.582047,Observed depth 3: KZT137k retained (96%) with 1 recipients; terminal-behavior hypothesis.
100000001378288100,peripheral,0.35,2,0.459985,"Depth 4 boundary: KZT268k from 1 senders; downstream activity is unobserved, so no terminal conclusion."
100000001379511100,peripheral,0.522544,43,0.431352,"Peripheral pattern: 1 senders, 0 recipients, KZT55k observed flow; no stronger rule matched."
100000001380054100,peripheral,0.300247,28,0.542319,"Peripheral pattern: 2 senders, 3 recipients, KZT487k observed flow; no stronger rule matched."
100000001380107100,peripheral,0.594213,32,0.336701,"Peripheral pattern: 1 senders, 0 recipients, KZT6k observed flow; no stronger rule matched."
100000001380986100,peripheral,0.500336,6,0.376427,"Peripheral pattern: 1 senders, 0 recipients, KZT70k observed flow; no stronger rule matched."
100000001382002100,peripheral,0.402086,1,0.48801,"Peripheral pattern: 1 senders, 1 recipients, KZT112k observed flow; no stronger rule matched."
100000001384826100,terminal,0.912565,11,0.649342,Observed depth 3: KZT354k retained (97%) with 1 recipients; terminal-behavior hypothesis.
100000001386612100,peripheral,0.511104,50,0.464947,"Peripheral pattern: 1 senders, 0 recipients, KZT62k observed flow; no stronger rule matched."
100000001389255100,peripheral,0.594213,23,0.301902,"Peripheral pattern: 1 senders, 0 recipients, KZT16k observed flow; no stronger rule matched."
100000001411870100,terminal,0.981635,3,0.716633,Observed depth 1: KZT900k retained (100%) with 0 recipients; terminal-behavior hypothesis.
100000001415126100,peripheral,0.4,50,0.387427,Seed: 0 recipients and KZT0 observed out; incoming flow is incomplete; investigation hypothesis only.
100000001418900100,peripheral,0.565612,23,0.375866,"Peripheral pattern: 1 senders, 0 recipients, KZT40k observed flow; no stronger rule matched."
100000001420847100,peripheral,0.594213,44,0.398868,"Peripheral pattern: 1 senders, 0 recipients, KZT20k observed flow; no stronger rule matched."
100000001427082100,distributor,0.865994,33,0.652323,"Distribution signs: 5 recipients, KZT125k out in 6 tx; investigation hypothesis."
100000001429930100,peripheral,0.4,13,0.379081,Seed: 0 recipients and KZT0 observed out; incoming flow is incomplete; investigation hypothesis only.
100000001439416100,peripheral,0.345222,1,0.505479,"Peripheral pattern: 1 senders, 2 recipients, KZT175k observed flow; no stronger rule matched."
100000001445848100,transit,0.517465,39,0.642854,Pass-through signs: 64% sent onward; 69% outgoing value within 0-2 days; hypothesis only.
100000001463701100,terminal,0.968177,12,0.767617,Observed depth 1: KZT621k retained (100%) with 0 recipients; terminal-behavior hypothesis.
100000001471706100,peripheral,0.343428,50,0.493901,"Depth 4 boundary: KZT377k from 1 senders; downstream activity is unobserved, so no terminal conclusion."
100000001477796100,terminal,0.836914,4,0.549438,Observed depth 1: KZT182k retained (100%) with 0 recipients; terminal-behavior hypothesis.
100000001484381100,peripheral,0.402086,19,0.481788,"Peripheral pattern: 2 senders, 0 recipients, KZT96k observed flow; no stronger rule matched."
100000001490461100,peripheral,0.402086,19,0.421978,"Peripheral pattern: 1 senders, 1 recipients, KZT25k observed flow; no stronger rule matched."
100000001498732100,peripheral,0.35,51,0.205058,"Depth 4 boundary: KZT6k from 1 senders; downstream activity is unobserved, so no terminal conclusion."
100000001524952100,terminal,0.767215,1,0.560949,Observed depth 1: KZT104k retained (100%) with 0 recipients; terminal-behavior hypothesis.
100000001526235100,coordinator,1.0,14,0.79372,"Coordination signs: 3 senders, 8 recipients, KZT82k in/KZT433k out; structural 0.92."
100000001527186100,terminal,0.969178,4,0.766847,Observed depth 1: KZT678k retained (100%) with 0 recipients; terminal-behavior hypothesis.
100000001530709100,peripheral,0.525236,1,0.412159,"Peripheral pattern: 1 senders, 0 recipients, KZT54k observed flow; no stronger rule matched."
100000001530740100,peripheral,0.594213,17,0.381486,"Peripheral pattern: 1 senders, 0 recipients, KZT15k observed flow; no stronger rule matched."
100000001530983100,coordinator,0.96733,17,0.816108,"Coordination signs: 4 senders, 11 recipients, KZT564k in/KZT1.8m out; structural 0.83."
100000001533161100,peripheral,0.35,52,0.376415,"Depth 4 boundary: KZT100k from 1 senders; downstream activity is unobserved, so no terminal conclusion."
100000001534244100,terminal,0.877542,6,0.686273,Observed depth 3: KZT321k retained (88%) with 1 recipients; terminal-behavior hypothesis.
100000001537524100,peripheral,0.35,25,0.396061,"Depth 4 boundary: KZT150k from 1 senders; downstream activity is unobserved, so no terminal conclusion."
100000001538095100,terminal,0.895978,25,0.679603,Observed depth 3: KZT280k retained (100%) with 0 recipients; terminal-behavior hypothesis.
100000001541418100,peripheral,0.402086,6,0.481972,"Peripheral pattern: 2 senders, 0 recipients, KZT97k observed flow; no stronger rule matched."
100000001549194100,peripheral,0.551256,41,0.415658,"Peripheral pattern: 1 senders, 0 recipients, KZT46k observed flow; no stronger rule matched."
100000001550388100,peripheral,0.538246,1,0.447234,"Peripheral pattern: 1 senders, 0 recipients, KZT50k observed flow; no stronger rule matched."
100000001550419100,peripheral,0.594213,41,0.367353,"Peripheral pattern: 1 senders, 0 recipients, KZT23k observed flow; no stronger rule matched."
100000001554432100,peripheral,0.52546,4,0.486409,"Peripheral pattern: 1 senders, 0 recipients, KZT54k observed flow; no stronger rule matched."
100000001557930100,peripheral,0.58266,3,0.346371,"Peripheral pattern: 1 senders, 0 recipients, KZT35k observed flow; no stronger rule matched."
100000001567366100,terminal,0.978724,17,0.747012,Observed depth 1: KZT824k retained (100%) with 0 recipients; terminal-behavior hypothesis.
100000001578517100,peripheral,0.594213,17,0.403254,"Peripheral pattern: 1 senders, 0 recipients, KZT30k observed flow; no stronger rule matched."
100000001584286100,terminal,0.972813,25,0.747244,Observed depth 2: KZT739k retained (100%) with 0 recipients; terminal-behavior hypothesis.
100000001590795100,peripheral,0.35,47,0.134236,"Depth 4 boundary: KZT5k from 1 senders; downstream activity is unobserved, so no terminal conclusion."
100000001597424100,peripheral,0.5452,41,0.418317,"Peripheral pattern: 1 senders, 0 recipients, KZT48k observed flow; no stronger rule matched."
100000001597505100,peripheral,0.402086,42,0.419172,"Peripheral pattern: 1 senders, 1 recipients, KZT39k observed flow; no stronger rule matched."
100000001598625100,peripheral,0.35,2,0.298399,"Depth 4 boundary: KZT25k from 1 senders; downstream activity is unobserved, so no terminal conclusion."
100000001600934100,terminal,0.814105,2,0.617203,Observed depth 3: KZT169k retained (94%) with 1 recipients; terminal-behavior hypothesis.
100000001601320100,peripheral,0.345222,3,0.399573,"Peripheral pattern: 2 senders, 1 recipients, KZT90k observed flow; no stronger rule matched."
100000001609499100,consolidator,0.817029,1,0.686621,"Consolidation signs: 3 senders, KZT263k in, 2 recipients; investigation hypothesis."
100000001611488100,terminal,0.974176,11,0.742698,Observed depth 3: KZT779k retained (100%) with 0 recipients; terminal-behavior hypothesis.
100000001616816100,peripheral,0.275348,3,0.637492,Seed: 3 recipients and KZT181k observed out; incoming flow is incomplete; investigation hypothesis only.
100000001632325100,peripheral,0.482167,23,0.396559,"Peripheral pattern: 1 senders, 0 recipients, KZT86k observed flow; no stronger rule matched."
100000001633685100,peripheral,0.345222,1,0.425886,"Peripheral pattern: 3 senders, 0 recipients, KZT45k observed flow; no stronger rule matched."
100000001637376100,peripheral,0.349148,11,0.521709,"Peripheral pattern: 1 senders, 1 recipients, KZT351k observed flow; no stronger rule matched."
100000001639766100,peripheral,0.594213,3,0.326593,"Peripheral pattern: 1 senders, 0 recipients, KZT20k observed flow; no stronger rule matched."
100000001641789100,peripheral,0.594213,3,0.441094,"Peripheral pattern: 1 senders, 0 recipients, KZT18k observed flow; no stronger rule matched."
100000001641951100,peripheral,0.594213,4,0.464556,"Peripheral pattern: 1 senders, 0 recipients, KZT25k observed flow; no stronger rule matched."
100000001648936100,peripheral,0.472746,3,0.39562,"Peripheral pattern: 1 senders, 0 recipients, KZT93k observed flow; no stronger rule matched."
100000001650895100,terminal,0.790036,19,0.616867,Observed depth 3: KZT144k retained (93%) with 1 recipients; terminal-behavior hypothesis.
100000001660397100,transit,0.778204,1,0.660106,Pass-through signs: 101% sent onward; 76% outgoing value within 0-2 days; hypothesis only.
100000001669260100,peripheral,0.318416,2,0.395609,"Depth 4 boundary: KZT500k from 1 senders; downstream activity is unobserved, so no terminal conclusion."
100000001674850100,terminal,0.877247,43,0.652317,Observed depth 3: KZT237k retained (100%) with 0 recipients; terminal-behavior hypothesis.
100000001677389100,peripheral,0.402086,29,0.320919,"Peripheral pattern: 1 senders, 1 recipients, KZT16k observed flow; no stronger rule matched."
100000001677929100,consolidator,0.775552,3,0.621809,"Consolidation signs: 3 senders, KZT127k in, 2 recipients; investigation hypothesis."
100000001680944100,terminal,0.927258,36,0.671701,Observed depth 3: KZT393k retained (100%) with 0 recipients; terminal-behavior hypothesis.
100000001684867100,peripheral,0.594213,17,0.417528,"Peripheral pattern: 1 senders, 0 recipients, KZT31k observed flow; no stronger rule matched."
100000001686328100,terminal,0.802907,6,0.57998,Observed depth 3: KZT140k retained (100%) with 0 recipients; terminal-behavior hypothesis.
100000001688676100,terminal,0.794949,44,0.551177,Observed depth 3: KZT134k retained (100%) with 0 recipients; terminal-behavior hypothesis.
100000001689968100,consolidator,0.962194,11,0.695533,"Consolidation signs: 3 senders, KZT344k in, 0 recipients; investigation hypothesis."
100000001690439100,peripheral,0.594213,11,0.361428,"Peripheral pattern: 1 senders, 0 recipients, KZT14k observed flow; no stronger rule matched."
100000001690558100,terminal,0.973268,44,0.689816,Observed depth 3: KZT740k retained (100%) with 0 recipients; terminal-behavior hypothesis.
100000001696818100,peripheral,0.526357,4,0.388319,"Peripheral pattern: 1 senders, 0 recipients, KZT54k observed flow; no stronger rule matched."
100000001697501100,coordinator,1.0,23,0.790261,"Coordination signs: 3 senders, 38 recipients, KZT124k in/KZT1.5m out; structural 0.90."
100000001703168100,peripheral,0.402086,4,0.534579,"Peripheral pattern: 1 senders, 1 recipients, KZT135k observed flow; no stronger rule matched."
100000001714173100,terminal,0.968632,36,0.744308,Observed depth 3: KZT639k retained (100%) with 0 recipients; terminal-behavior hypothesis.
100000001714413100,terminal,0.884793,11,0.600835,Observed depth 3: KZT250k retained (100%) with 0 recipients; terminal-behavior hypothesis.
100000001714883100,peripheral,0.35,47,0.142088,"Depth 4 boundary: KZT7k from 1 senders; downstream activity is unobserved, so no terminal conclusion."
100000001716579100,peripheral,0.594213,23,0.288584,"Peripheral pattern: 1 senders, 0 recipients, KZT14k observed flow; no stronger rule matched."
100000001724740100,peripheral,0.35,6,0.468096,"Depth 4 boundary: KZT185k from 1 senders; downstream activity is unobserved, so no terminal conclusion."
100000001726614100,terminal,0.801043,1,0.547981,Observed depth 3: KZT139k retained (100%) with 0 recipients; terminal-behavior hypothesis.
100000001732159100,peripheral,0.256057,43,0.662882,Seed: 4 recipients and KZT1.5m observed out; incoming flow is incomplete; investigation hypothesis only.
100000001733216100,peripheral,0.35,1,0.372323,"Depth 4 boundary: KZT60k from 1 senders; downstream activity is unobserved, so no terminal conclusion."
100000001733687100,terminal,0.904162,6,0.63381,Observed depth 3: KZT300k retained (100%) with 0 recipients; terminal-behavior hypothesis.
100000001737722100,peripheral,0.512898,4,0.46485,"Peripheral pattern: 1 senders, 0 recipients, KZT60k observed flow; no stronger rule matched."
100000001740277100,transit,0.4207,3,0.325826,Pass-through signs: 57% sent onward; 100% outgoing value within 0-2 days; hypothesis only.
100000001745217100,peripheral,0.538246,1,0.410629,"Peripheral pattern: 1 senders, 0 recipients, KZT50k observed flow; no stronger rule matched."
100000001746925100,peripheral,0.402086,4,0.524752,"Peripheral pattern: 1 senders, 1 recipients, KZT70k observed flow; no stronger rule matched."
100000001782980100,peripheral,0.30406,28,0.478305,"Peripheral pattern: 1 senders, 1 recipients, KZT646k observed flow; no stronger rule matched."
100000001784279100,peripheral,0.578398,1,0.39311,"Peripheral pattern: 1 senders, 0 recipients, KZT36k observed flow; no stronger rule matched."
100000001785161100,peripheral,0.402086,34,0.394548,"Peripheral pattern: 2 senders, 0 recipients, KZT30k observed flow; no stronger rule matched."
100000001788284100,distributor,0.90879,14,0.727934,"Distribution signs: 5 recipients, KZT297k out in 8 tx; investigation hypothesis."
100000001805543100,peripheral,0.51716,17,0.451207,"Peripheral pattern: 1 senders, 0 recipients, KZT59k observed flow; no stronger rule matched."
100000001808684100,transit,0.590931,3,0.492789,Pass-through signs: 78% sent onward; 80% outgoing value within 0-2 days; hypothesis only.
100000001816678100,peripheral,0.35,4,0.343167,"Depth 4 boundary: KZT60k from 1 senders; downstream activity is unobserved, so no terminal conclusion."
100000001818442100,peripheral,0.562023,19,0.41392,"Peripheral pattern: 1 senders, 0 recipients, KZT42k observed flow; no stronger rule matched."
100000001819396100,terminal,0.826048,15,0.578293,Observed depth 3: KZT166k retained (100%) with 0 recipients; terminal-behavior hypothesis.
100000001822623100,terminal,0.856965,30,0.612358,Observed depth 2: KZT201k retained (100%) with 0 recipients; terminal-behavior hypothesis.
100000001822650100,peripheral,0.35,6,0.387743,"Depth 4 boundary: KZT112k from 1 senders; downstream activity is unobserved, so no terminal conclusion."
100000001825934100,peripheral,0.402086,27,0.407402,"Peripheral pattern: 1 senders, 1 recipients, KZT137k observed flow; no stronger rule matched."
100000001831496100,peripheral,0.338941,12,0.495584,"Peripheral pattern: 1 senders, 1 recipients, KZT398k observed flow; no stronger rule matched."
100000001835625100,peripheral,0.49585,11,0.421055,"Peripheral pattern: 1 senders, 0 recipients, KZT75k observed flow; no stronger rule matched."
100000001837130100,terminal,0.832323,1,0.573625,Observed depth 3: KZT173k retained (100%) with 0 recipients; terminal-behavior hypothesis.
100000001845505100,peripheral,0.35,2,0.291056,"Depth 4 boundary: KZT20k from 1 senders; downstream activity is unobserved, so no terminal conclusion."
100000001848426100,peripheral,0.467811,3,0.397729,"Peripheral pattern: 1 senders, 0 recipients, KZT96k observed flow; no stronger rule matched."
100000001851289100,terminal,0.77449,17,0.582404,Observed depth 1: KZT110k retained (100%) with 0 recipients; terminal-behavior hypothesis.
100000001852140100,peripheral,0.594213,53,0.360835,"Peripheral pattern: 1 senders, 0 recipients, KZT30k observed flow; no stronger rule matched."
100000001853812100,peripheral,0.502019,2,0.434571,"Peripheral pattern: 1 senders, 0 recipients, KZT70k observed flow; no stronger rule matched."
100000001857829100,coordinator,1.0,2,0.871748,"Coordination signs: 6 senders, 16 recipients, KZT889k in/KZT2.4m out; structural 0.95."
100000001860090100,peripheral,0.594213,3,0.256549,"Peripheral pattern: 1 senders, 0 recipients, KZT5k observed flow; no stronger rule matched."
100000001870116100,peripheral,0.594213,23,0.332954,"Peripheral pattern: 1 senders, 0 recipients, KZT24k observed flow; no stronger rule matched."
100000001872484100,transit,0.430643,40,0.598418,Pass-through signs: 59% sent onward; 55% outgoing value within 0-2 days; hypothesis only.
100000001875167100,terminal,0.984227,11,0.706904,Observed depth 3: KZT1.0m retained (100%) with 0 recipients; terminal-behavior hypothesis.
100000001875239100,consolidator,0.986673,6,0.752325,"Consolidation signs: 3 senders, KZT712k in, 0 recipients; investigation hypothesis."
100000001884825100,consolidator,0.977017,6,0.728922,"Consolidation signs: 3 senders, KZT495k in, 0 recipients; investigation hypothesis."
100000001887715100,consolidator,0.92871,36,0.829723,"Consolidation signs: 3 senders, KZT1.3m in, 1 recipients; investigation hypothesis."
100000001893287100,peripheral,0.402086,3,0.470914,"Peripheral pattern: 1 senders, 1 recipients, KZT171k observed flow; no stronger rule matched."
100000001899164100,coordinator,0.997057,9,0.78635,"Coordination signs: 4 senders, 3 recipients, KZT292k in/KZT76k out; structural 0.89."
100000001904863100,terminal,0.952174,41,0.724481,Observed depth 2: KZT500k retained (100%) with 0 recipients; terminal-behavior hypothesis.
100000001924185100,terminal,0.815955,12,0.661549,Observed depth 1: KZT151k retained (100%) with 0 recipients; terminal-behavior hypothesis.
100000001927599100,terminal,0.840687,19,0.643987,Observed depth 3: KZT188k retained (100%) with 0 recipients; terminal-behavior hypothesis.
100000001929088100,terminal,0.928621,3,0.653996,Observed depth 1: KZT396k retained (100%) with 0 recipients; terminal-behavior hypothesis.
100000001934935100,terminal,0.78513,1,0.532505,Observed depth 3: KZT119k retained (100%) with 0 recipients; terminal-behavior hypothesis.
100000001937767100,peripheral,0.265253,41,0.668061,"Peripheral pattern: 1 senders, 4 recipients, KZT2.0m observed flow; no stronger rule matched."
100000001952325100,peripheral,0.493158,23,0.419232,"Peripheral pattern: 1 senders, 0 recipients, KZT78k observed flow; no stronger rule matched."
100000001953577100,peripheral,0.594213,23,0.298759,"Peripheral pattern: 1 senders, 0 recipients, KZT16k observed flow; no stronger rule matched."
100000001954534100,peripheral,0.402086,1,0.435735,"Peripheral pattern: 1 senders, 1 recipients, KZT53k observed flow; no stronger rule matched."
100000001954903100,peripheral,0.594213,12,0.339308,"Peripheral pattern: 1 senders, 0 recipients, KZT27k observed flow; no stronger rule matched."
100000001957974100,peripheral,0.318416,41,0.445141,"Depth 4 boundary: KZT500k from 1 senders; downstream activity is unobserved, so no terminal conclusion."
100000001960517100,terminal,0.852736,3,0.574198,Observed depth 1: KZT200k retained (100%) with 0 recipients; terminal-behavior hypothesis.
100000001961048100,terminal,0.812317,34,0.575117,Observed depth 2: KZT150k retained (100%) with 0 recipients; terminal-behavior hypothesis.
100000001965374100,peripheral,0.25314,22,0.536138,"Peripheral pattern: 2 senders, 3 recipients, KZT4.8m observed flow; no stronger rule matched."
100000001969496100,peripheral,0.594213,41,0.366276,"Peripheral pattern: 1 senders, 0 recipients, KZT23k observed flow; no stronger rule matched."
100000001985793100,terminal,0.933258,49,0.605708,Observed depth 2: KZT420k retained (100%) with 0 recipients; terminal-behavior hypothesis.
100000001987030100,peripheral,0.345222,5,0.44454,"Peripheral pattern: 2 senders, 1 recipients, KZT50k observed flow; no stronger rule matched."
100000001991973100,peripheral,0.35,47,0.200051,"Depth 4 boundary: KZT21k from 1 senders; downstream activity is unobserved, so no terminal conclusion."
100000002015633100,peripheral,0.469381,11,0.432084,"Peripheral pattern: 1 senders, 0 recipients, KZT95k observed flow; no stronger rule matched."
100000002028158100,peripheral,0.582212,5,0.417878,"Peripheral pattern: 1 senders, 0 recipients, KZT35k observed flow; no stronger rule matched."
100000002032323100,peripheral,0.277815,43,0.567075,"Peripheral pattern: 1 senders, 1 recipients, KZT1.4m observed flow; no stronger rule matched."
100000002087788100,terminal,0.764578,11,0.568753,Observed depth 2: KZT100k retained (100%) with 0 recipients; terminal-behavior hypothesis.
100000002095257100,peripheral,0.594213,9,0.347256,"Peripheral pattern: 1 senders, 0 recipients, KZT8k observed flow; no stronger rule matched."
100000002103448100,peripheral,0.594213,23,0.313648,"Peripheral pattern: 1 senders, 0 recipients, KZT27k observed flow; no stronger rule matched."
100000002109656100,terminal,0.952174,25,0.605769,Observed depth 3: KZT500k retained (100%) with 0 recipients; terminal-behavior hypothesis.
100000002116705100,peripheral,0.594213,23,0.276014,"Peripheral pattern: 1 senders, 0 recipients, KZT18k observed flow; no stronger rule matched."
100000002119762100,peripheral,0.35,11,0.399794,"Depth 4 boundary: KZT77k from 1 senders; downstream activity is unobserved, so no terminal conclusion."
100000002121357100,peripheral,0.345222,43,0.539091,"Peripheral pattern: 2 senders, 1 recipients, KZT368k observed flow; no stronger rule matched."
100000002126791100,peripheral,0.278937,6,0.517968,"Depth 4 boundary: KZT1.3m from 1 senders; downstream activity is unobserved, so no terminal conclusion."
100000002130400100,peripheral,0.35,27,0.171933,"Depth 4 boundary: KZT10k from 1 senders; downstream activity is unobserved, so no terminal conclusion."
100000002132479100,peripheral,0.402086,41,0.448741,"Peripheral pattern: 1 senders, 1 recipients, KZT50k observed flow; no stronger rule matched."
100000002152857100,distributor,0.964121,49,0.751981,"Distribution signs: 5 recipients, KZT1.2m out in 6 tx; investigation hypothesis."
100000002156381100,peripheral,0.345222,54,0.530834,"Peripheral pattern: 2 senders, 1 recipients, KZT83k observed flow; no stronger rule matched."
100000002158488100,peripheral,0.590063,23,0.358752,"Peripheral pattern: 1 senders, 0 recipients, KZT32k observed flow; no stronger rule matched."
100000002170580100,terminal,0.812317,12,0.51984,Observed depth 2: KZT150k retained (100%) with 0 recipients; terminal-behavior hypothesis.
100000002173070100,peripheral,0.594213,17,0.403254,"Peripheral pattern: 1 senders, 0 recipients, KZT30k observed flow; no stronger rule matched."
100000002173161100,consolidator,0.995648,17,0.811647,"Consolidation signs: 3 senders, KZT1.4m in, 0 recipients; investigation hypothesis."
100000002175422100,coordinator,0.999479,37,0.844403,"Coordination signs: 3 senders, 6 recipients, KZT68k in/KZT1.6m out; structural 0.90."
100000002182176100,peripheral,0.561575,1,0.437084,"Peripheral pattern: 1 senders, 0 recipients, KZT42k observed flow; no stronger rule matched."
100000002184107100,peripheral,0.594213,39,0.303155,"Peripheral pattern: 1 senders, 0 recipients, KZT6k observed flow; no stronger rule matched."
100000002185328100,peripheral,0.300247,33,0.459252,"Peripheral pattern: 1 senders, 4 recipients, KZT70k observed flow; no stronger rule matched."
100000002188586100,peripheral,0.35,19,0.307542,"Depth 4 boundary: KZT38k from 1 senders; downstream activity is unobserved, so no terminal conclusion."
100000002188829100,terminal,0.930759,4,0.717072,Observed depth 1: KZT400k retained (100%) with 0 recipients; terminal-behavior hypothesis.
100000002193259100,transit,0.584859,9,0.635003,Pass-through signs: 121% sent onward; 69% outgoing value within 0-2 days; hypothesis only.
100000002194320100,peripheral,0.35,46,0.43725,"Depth 4 boundary: KZT275k from 1 senders; downstream activity is unobserved, so no terminal conclusion."
100000002194329100,peripheral,0.594213,1,0.367985,"Peripheral pattern: 1 senders, 0 recipients, KZT25k observed flow; no stronger rule matched."
100000002199091100,peripheral,0.508412,23,0.385028,"Peripheral pattern: 1 senders, 0 recipients, KZT65k observed flow; no stronger rule matched."
100000002205022100,peripheral,0.314603,32,0.626847,"Peripheral pattern: 1 senders, 3 recipients, KZT525k observed flow; no stronger rule matched."
100000002208836100,peripheral,0.35,11,0.369503,"Depth 4 boundary: KZT90k from 1 senders; downstream activity is unobserved, so no terminal conclusion."
100000002211413100,peripheral,0.575707,23,0.365399,"Peripheral pattern: 1 senders, 0 recipients, KZT37k observed flow; no stronger rule matched."
100000002212494100,terminal,0.820865,37,0.578282,Observed depth 3: KZT160k retained (100%) with 0 recipients; terminal-behavior hypothesis.
100000002214207100,peripheral,0.35,27,0.326095,"Depth 4 boundary: KZT97k from 1 senders; downstream activity is unobserved, so no terminal conclusion."
100000002214301100,peripheral,0.402086,1,0.41682,"Peripheral pattern: 1 senders, 1 recipients, KZT29k observed flow; no stronger rule matched."
100000002214383100,peripheral,0.35,23,0.361009,"Depth 4 boundary: KZT213k from 1 senders; downstream activity is unobserved, so no terminal conclusion."
100000002214570100,peripheral,0.594213,23,0.344314,"Peripheral pattern: 1 senders, 0 recipients, KZT26k observed flow; no stronger rule matched."
100000002214664100,peripheral,0.402086,23,0.421993,"Peripheral pattern: 1 senders, 1 recipients, KZT85k observed flow; no stronger rule matched."
100000002216999100,peripheral,0.594213,23,0.29905,"Peripheral pattern: 1 senders, 0 recipients, KZT24k observed flow; no stronger rule matched."
100000002217161100,distributor,0.959798,39,0.852548,"Distribution signs: 7 recipients, KZT995k out in 19 tx; investigation hypothesis."
100000002217806100,peripheral,0.35,20,0.370178,"Depth 4 boundary: KZT55k from 1 senders; downstream activity is unobserved, so no terminal conclusion."
100000002224132100,coordinator,0.912989,22,0.757408,"Coordination signs: 5 senders, 4 recipients, KZT4.0m in/KZT12.1m out; structural 0.70."
100000002227960100,peripheral,0.35,33,0.230094,"Depth 4 boundary: KZT10k from 1 senders; downstream activity is unobserved, so no terminal conclusion."
100000002227989100,peripheral,0.35,33,0.281574,"Depth 4 boundary: KZT20k from 1 senders; downstream activity is unobserved, so no terminal conclusion."
100000002229615100,peripheral,0.35,33,0.308173,"Depth 4 boundary: KZT25k from 1 senders; downstream activity is unobserved, so no terminal conclusion."
100000002231144100,peripheral,0.35,33,0.261648,"Depth 4 boundary: KZT15k from 1 senders; downstream activity is unobserved, so no terminal conclusion."
100000002232266100,peripheral,0.554957,2,0.411123,"Peripheral pattern: 1 senders, 0 recipients, KZT45k observed flow; no stronger rule matched."
100000002236528100,peripheral,0.506842,3,0.43688,"Peripheral pattern: 1 senders, 0 recipients, KZT66k observed flow; no stronger rule matched."
100000002241986100,distributor,0.989193,31,0.761955,"Distribution signs: 6 recipients, KZT3.1m out in 12 tx; investigation hypothesis."
100000002242066100,peripheral,0.35,39,0.36129,"Depth 4 boundary: KZT60k from 1 senders; downstream activity is unobserved, so no terminal conclusion."
100000002242455100,peripheral,0.35,11,0.394903,"Depth 4 boundary: KZT110k from 1 senders; downstream activity is unobserved, so no terminal conclusion."
100000002243354100,peripheral,0.594213,23,0.322531,"Peripheral pattern: 1 senders, 0 recipients, KZT21k observed flow; no stronger rule matched."
100000002255058100,terminal,0.948718,4,0.622278,Observed depth 3: KZT492k retained (100%) with 0 recipients; terminal-behavior hypothesis.
100000002257794100,terminal,0.818775,35,0.525215,Observed depth 3: KZT154k retained (100%) with 0 recipients; terminal-behavior hypothesis.
100000002258492100,peripheral,0.35,50,0.260275,"Depth 4 boundary: KZT9k from 1 senders; downstream activity is unobserved, so no terminal conclusion."
100000002267998100,peripheral,0.27288,30,0.659527,"Peripheral pattern: 2 senders, 3 recipients, KZT1.5m observed flow; no stronger rule matched."
100000002284426100,peripheral,0.476223,11,0.445707,"Peripheral pattern: 1 senders, 0 recipients, KZT90k observed flow; no stronger rule matched."
100000002289937100,peripheral,0.594213,23,0.317692,"Peripheral pattern: 1 senders, 0 recipients, KZT20k observed flow; no stronger rule matched."
100000002293421100,peripheral,0.315612,1,0.506656,"Peripheral pattern: 2 senders, 2 recipients, KZT88k observed flow; no stronger rule matched."
100000002299948100,peripheral,0.594213,42,0.334512,"Peripheral pattern: 1 senders, 0 recipients, KZT7k observed flow; no stronger rule matched."
100000002301828100,peripheral,0.54991,29,0.410841,"Peripheral pattern: 1 senders, 0 recipients, KZT47k observed flow; no stronger rule matched."
100000002304943100,peripheral,0.35,33,0.250321,"Depth 4 boundary: KZT15k from 1 senders; downstream activity is unobserved, so no terminal conclusion."
100000002305007100,peripheral,0.520525,23,0.357161,"Peripheral pattern: 1 senders, 0 recipients, KZT56k observed flow; no stronger rule matched."
100000002305477100,peripheral,0.35,33,0.271088,"Depth 4 boundary: KZT20k from 1 senders; downstream activity is unobserved, so no terminal conclusion."
100000002306369100,distributor,0.900576,4,0.711219,"Distribution signs: 6 recipients, KZT261k out in 9 tx; investigation hypothesis."
100000002308091100,terminal,0.839231,25,0.536412,Observed depth 3: KZT187k retained (100%) with 0 recipients; terminal-behavior hypothesis.
100000002320495100,peripheral,0.35,29,0.264982,"Depth 4 boundary: KZT14k from 1 senders; downstream activity is unobserved, so no terminal conclusion."
100000002324543100,peripheral,0.594213,6,0.350552,"Peripheral pattern: 1 senders, 0 recipients, KZT30k observed flow; no stronger rule matched."
100000002335358100,terminal,0.802907,17,0.608766,Observed depth 2: KZT140k retained (100%) with 0 recipients; terminal-behavior hypothesis.
100000002340562100,peripheral,0.57638,3,0.394886,"Peripheral pattern: 1 senders, 0 recipients, KZT37k observed flow; no stronger rule matched."
100000002343825100,consolidator,0.829609,43,0.725973,"Consolidation signs: 3 senders, KZT350k in, 2 recipients; investigation hypothesis."
100000002346166100,peripheral,0.594213,23,0.22861,"Peripheral pattern: 1 senders, 0 recipients, KZT6k observed flow; no stronger rule matched."
100000002356167100,peripheral,0.345222,11,0.536422,"Peripheral pattern: 1 senders, 2 recipients, KZT330k observed flow; no stronger rule matched."
100000002369443100,peripheral,0.538246,23,0.349304,"Peripheral pattern: 1 senders, 0 recipients, KZT50k observed flow; no stronger rule matched."
100000002369454100,peripheral,0.35,2,0.298399,"Depth 4 boundary: KZT25k from 1 senders; downstream activity is unobserved, so no terminal conclusion."
100000002369510100,peripheral,0.575146,23,0.33324,"Peripheral pattern: 1 senders, 0 recipients, KZT37k observed flow; no stronger rule matched."
100000002369874100,consolidator,0.983885,6,0.754024,"Consolidation signs: 4 senders, KZT600k in, 0 recipients; investigation hypothesis."
100000002371751100,transit,0.707709,38,0.639867,Pass-through signs: 125% sent onward; 100% outgoing value within 0-2 days; hypothesis only.
100000002371892100,peripheral,0.35,55,0.31768,"Depth 4 boundary: KZT44k from 1 senders; downstream activity is unobserved, so no terminal conclusion."
100000002373144100,peripheral,0.402086,1,0.410908,"Peripheral pattern: 1 senders, 1 recipients, KZT57k observed flow; no stronger rule matched."
100000002373386100,peripheral,0.594213,23,0.300682,"Peripheral pattern: 1 senders, 0 recipients, KZT24k observed flow; no stronger rule matched."
100000002380341100,peripheral,0.519179,1,0.43323,"Peripheral pattern: 1 senders, 0 recipients, KZT58k observed flow; no stronger rule matched."
100000002391278100,peripheral,0.402086,49,0.446509,"Peripheral pattern: 1 senders, 1 recipients, KZT83k observed flow; no stronger rule matched."
100000002394199100,peripheral,0.34825,3,0.524354,"Peripheral pattern: 1 senders, 1 recipients, KZT354k observed flow; no stronger rule matched."
100000002398779100,consolidator,0.926398,1,0.834705,"Consolidation signs: 13 senders, KZT1.1m in, 1 recipients; investigation hypothesis."
100000002404112100,peripheral,0.35,15,0.348678,"Depth 4 boundary: KZT60k from 1 senders; downstream activity is unobserved, so no terminal conclusion."
100000002432143100,peripheral,0.489794,4,0.487084,"Peripheral pattern: 1 senders, 0 recipients, KZT81k observed flow; no stronger rule matched."
100000002433697100,transit,0.768455,11,0.633631,Pass-through signs: 85% sent onward; 100% outgoing value within 0-2 days; hypothesis only.
100000002435265100,terminal,0.794039,1,0.56209,Observed depth 3: KZT133k retained (100%) with 0 recipients; terminal-behavior hypothesis.
100000002443664100,consolidator,0.981641,25,0.76072,"Consolidation signs: 3 senders, KZT557k in, 0 recipients; investigation hypothesis."
100000002445750100,peripheral,0.402086,1,0.481773,"Peripheral pattern: 1 senders, 1 recipients, KZT80k observed flow; no stronger rule matched."
100000002448088100,transit,0.621974,33,0.559509,Pass-through signs: 125% sent onward; 100% outgoing value within 0-2 days; hypothesis only.
100000002454724100,terminal,0.788721,34,0.580773,Observed depth 2: KZT125k retained (100%) with 0 recipients; terminal-behavior hypothesis.
100000002457464100,peripheral,0.505944,4,0.468358,"Peripheral pattern: 1 senders, 0 recipients, KZT67k observed flow; no stronger rule matched."
100000002459093100,terminal,0.908613,49,0.629721,Observed depth 2: KZT445k retained (89%) with 1 recipients; terminal-behavior hypothesis.
100000002459163100,peripheral,0.594213,40,0.332194,"Peripheral pattern: 1 senders, 0 recipients, KZT20k observed flow; no stronger rule matched."
100000002459164100,peripheral,0.594213,1,0.389576,"Peripheral pattern: 1 senders, 0 recipients, KZT20k observed flow; no stronger rule matched."
100000002459240100,terminal,0.812317,11,0.54735,Observed depth 3: KZT150k retained (100%) with 0 recipients; terminal-behavior hypothesis.
100000002459832100,terminal,0.981089,2,0.729466,Observed depth 3: KZT881k retained (100%) with 0 recipients; terminal-behavior hypothesis.
100000002462183100,terminal,0.77199,56,0.53237,Observed depth 1: KZT108k retained (100%) with 0 recipients; terminal-behavior hypothesis.
100000002469065100,terminal,0.852736,17,0.608688,Observed depth 2: KZT200k retained (100%) with 0 recipients; terminal-behavior hypothesis.
100000002472632100,terminal,0.93595,14,0.723267,Observed depth 3: KZT482k retained (96%) with 1 recipients; terminal-behavior hypothesis.
100000002474570100,peripheral,0.35,47,0.141482,"Depth 4 boundary: KZT7k from 1 senders; downstream activity is unobserved, so no terminal conclusion."
100000002475601100,terminal,0.873427,2,0.533689,Observed depth 3: KZT232k retained (100%) with 0 recipients; terminal-behavior hypothesis.
100000002478829100,peripheral,0.35,33,0.317078,"Depth 4 boundary: KZT34k from 1 senders; downstream activity is unobserved, so no terminal conclusion."
100000002479804100,transit,0.527487,4,0.467616,Pass-through signs: 77% sent onward; 65% outgoing value within 0-2 days; hypothesis only.
100000002480800100,terminal,0.961539,4,0.786681,Observed depth 1: KZT569k retained (100%) with 0 recipients; terminal-behavior hypothesis.
100000002481735100,peripheral,0.594213,17,0.419362,"Peripheral pattern: 1 senders, 0 recipients, KZT22k observed flow; no stronger rule matched."
100000002481974100,peripheral,0.315612,2,0.555217,"Peripheral pattern: 2 senders, 2 recipients, KZT407k observed flow; no stronger rule matched."
100000002487222100,peripheral,0.35,11,0.380782,"Depth 4 boundary: KZT90k from 1 senders; downstream activity is unobserved, so no terminal conclusion."
100000002488629100,peripheral,0.49843,3,0.384043,"Peripheral pattern: 1 senders, 0 recipients, KZT73k observed flow; no stronger rule matched."
100000002489253100,peripheral,0.532974,17,0.439813,"Peripheral pattern: 1 senders, 0 recipients, KZT51k observed flow; no stronger rule matched."
100000002492277100,terminal,0.800542,4,0.568163,Observed depth 2: KZT138k retained (100%) with 0 recipients; terminal-behavior hypothesis.
100000002505277100,peripheral,0.35,1,0.35586,"Depth 4 boundary: KZT60k from 1 senders; downstream activity is unobserved, so no terminal conclusion."
100000002506987100,peripheral,0.35,19,0.285293,"Depth 4 boundary: KZT28k from 1 senders; downstream activity is unobserved, so no terminal conclusion."
100000002508637100,terminal,0.896143,2,0.566382,Observed depth 3: KZT298k retained (97%) with 1 recipients; terminal-behavior hypothesis.
100000002509598100,terminal,0.906708,25,0.566345,Observed depth 3: KZT306k retained (100%) with 0 recipients; terminal-behavior hypothesis.
100000002511581100,peripheral,0.594213,23,0.276014,"Peripheral pattern: 1 senders, 0 recipients, KZT18k observed flow; no stronger rule matched."
100000002511825100,peripheral,0.508412,1,0.460504,"Peripheral pattern: 1 senders, 0 recipients, KZT65k observed flow; no stronger rule matched."
100000002512742100,peripheral,0.35,47,0.138696,"Depth 4 boundary: KZT6k from 1 senders; downstream activity is unobserved, so no terminal conclusion."
100000002513028100,peripheral,0.315612,57,0.547079,"Peripheral pattern: 1 senders, 3 recipients, KZT342k observed flow; no stronger rule matched."
100000002514975100,peripheral,0.35,15,0.280471,"Depth 4 boundary: KZT18k from 1 senders; downstream activity is unobserved, so no terminal conclusion."
100000002516862100,peripheral,0.35,57,0.392086,"Depth 4 boundary: KZT82k from 1 senders; downstream activity is unobserved, so no terminal conclusion."
100000002521039100,terminal,0.917166,1,0.631757,Observed depth 3: KZT349k retained (100%) with 0 recipients; terminal-behavior hypothesis.
100000002527114100,coordinator,1.0,23,0.772327,"Coordination signs: 3 senders, 111 recipients, KZT129k in/KZT3.3m out; structural 0.92. Seed inflow incomplete."
100000002528544100,terminal,0.845507,2,0.514253,Observed depth 3: KZT193k retained (100%) with 0 recipients; terminal-behavior hypothesis.
100000002528978100,peripheral,0.35,19,0.242879,"Depth 4 boundary: KZT16k from 1 senders; downstream activity is unobserved, so no terminal conclusion."
100000002529877100,peripheral,0.35,25,0.423513,"Depth 4 boundary: KZT232k from 1 senders; downstream activity is unobserved, so no terminal conclusion."
100000002529880100,terminal,0.809134,43,0.603534,Observed depth 3: KZT147k retained (100%) with 0 recipients; terminal-behavior hypothesis.
100000002530224100,terminal,0.779946,6,0.549848,Observed depth 3: KZT113k retained (100%) with 0 recipients; terminal-behavior hypothesis.
100000002531406100,peripheral,0.285442,2,0.441783,"Peripheral pattern: 1 senders, 1 recipients, KZT1.0m observed flow; no stronger rule matched."
100000002534091100,peripheral,0.594213,2,0.370728,"Peripheral pattern: 1 senders, 0 recipients, KZT22k observed flow; no stronger rule matched."
100000002537811100,peripheral,0.402086,12,0.504843,"Peripheral pattern: 1 senders, 1 recipients, KZT67k observed flow; no stronger rule matched."
100000002539625100,peripheral,0.470054,43,0.495268,"Peripheral pattern: 1 senders, 0 recipients, KZT95k observed flow; no stronger rule matched."
100000002540033100,peripheral,0.35,36,0.278923,"Depth 4 boundary: KZT10k from 1 senders; downstream activity is unobserved, so no terminal conclusion."
100000002540623100,terminal,0.759668,12,0.482662,Observed depth 2: KZT100k retained (100%) with 0 recipients; terminal-behavior hypothesis.
100000002546921100,peripheral,0.594213,41,0.35674,"Peripheral pattern: 1 senders, 0 recipients, KZT20k observed flow; no stronger rule matched."
100000002547110100,consolidator,0.996056,43,0.786772,"Consolidation signs: 6 senders, KZT1.5m in, 0 recipients; investigation hypothesis."
100000002548759100,terminal,0.923894,6,0.694679,Observed depth 3: KZT375k retained (100%) with 0 recipients; terminal-behavior hypothesis.
100000002550141100,terminal,0.765033,2,0.530763,Observed depth 3: KZT101k retained (100%) with 0 recipients; terminal-behavior hypothesis.
100000002554175100,peripheral,0.594213,19,0.376769,"Peripheral pattern: 1 senders, 0 recipients, KZT25k observed flow; no stronger rule matched."
100000002556775100,terminal,0.904162,11,0.615299,Observed depth 3: KZT300k retained (100%) with 0 recipients; terminal-behavior hypothesis.
100000002558173100,peripheral,0.594213,42,0.34386,"Peripheral pattern: 1 senders, 0 recipients, KZT9k observed flow; no stronger rule matched."
100000002559089100,terminal,0.971905,25,0.743644,Observed depth 3: KZT715k retained (100%) with 0 recipients; terminal-behavior hypothesis.
100000002565277100,terminal,0.946353,4,0.730793,Observed depth 1: KZT483k retained (100%) with 0 recipients; terminal-behavior hypothesis.
100000002566204100,peripheral,0.490915,12,0.396592,"Peripheral pattern: 1 senders, 0 recipients, KZT81k observed flow; no stronger rule matched."
100000002567887100,peripheral,0.533535,11,0.406247,"Peripheral pattern: 1 senders, 0 recipients, KZT51k observed flow; no stronger rule matched."
100000002570206100,terminal,0.826957,29,0.6257,Observed depth 2: KZT167k retained (100%) with 0 recipients; terminal-behavior hypothesis.
100000002575080100,transit,0.791465,5,0.551838,Pass-through signs: 96% sent onward; 100% outgoing value within 0-2 days; hypothesis only.
100000002578405100,distributor,0.990058,23,0.787645,"Distribution signs: 116 recipients, KZT3.1m out in 120 tx; investigation hypothesis."
100000002578653100,peripheral,0.594213,58,0.370986,"Peripheral pattern: 1 senders, 0 recipients, KZT20k observed flow; no stronger rule matched."
100000002580377100,peripheral,0.402086,17,0.426082,"Peripheral pattern: 1 senders, 1 recipients, KZT43k observed flow; no stronger rule matched."
100000002581346100,terminal,0.826502,11,0.559312,Observed depth 3: KZT166k retained (100%) with 0 recipients; terminal-behavior hypothesis.
100000002589019100,peripheral,0.582436,9,0.360265,"Peripheral pattern: 1 senders, 0 recipients, KZT35k observed flow; no stronger rule matched."
100000002591469100,terminal,0.875518,3,0.562586,Observed depth 1: KZT236k retained (100%) with 0 recipients; terminal-behavior hypothesis.
100000002592567100,peripheral,0.345222,17,0.463277,"Peripheral pattern: 1 senders, 2 recipients, KZT54k observed flow; no stronger rule matched."
100000002593038100,peripheral,0.594213,9,0.447165,"Peripheral pattern: 1 senders, 0 recipients, KZT28k observed flow; no stronger rule matched."
100000002593344100,terminal,0.935076,6,0.71336,Observed depth 3: KZT431k retained (100%) with 0 recipients; terminal-behavior hypothesis.
100000002594214100,peripheral,0.2869,31,0.460493,"Depth 4 boundary: KZT1.0m from 1 senders; downstream activity is unobserved, so no terminal conclusion."
100000002596035100,terminal,0.872881,12,0.647622,Observed depth 1: KZT232k retained (100%) with 0 recipients; terminal-behavior hypothesis.
100000002596039100,peripheral,0.35,2,0.420443,"Depth 4 boundary: KZT280k from 1 senders; downstream activity is unobserved, so no terminal conclusion."
100000002597003100,peripheral,0.402086,1,0.386228,"Peripheral pattern: 1 senders, 1 recipients, KZT29k observed flow; no stronger rule matched."
100000002597074100,peripheral,0.35,1,0.228555,"Depth 4 boundary: KZT8k from 1 senders; downstream activity is unobserved, so no terminal conclusion."
100000002597623100,peripheral,0.594213,1,0.334191,"Peripheral pattern: 1 senders, 0 recipients, KZT16k observed flow; no stronger rule matched."
100000002599729100,peripheral,0.35,1,0.378603,"Depth 4 boundary: KZT65k from 1 senders; downstream activity is unobserved, so no terminal conclusion."
100000002600345100,peripheral,0.402086,17,0.453218,"Peripheral pattern: 2 senders, 0 recipients, KZT52k observed flow; no stronger rule matched."
100000002603371100,peripheral,0.594213,1,0.309014,"Peripheral pattern: 1 senders, 0 recipients, KZT9k observed flow; no stronger rule matched."
100000002603478100,peripheral,0.594213,9,0.327781,"Peripheral pattern: 1 senders, 0 recipients, KZT24k observed flow; no stronger rule matched."
100000002603769100,consolidator,0.994288,1,0.786776,"Consolidation signs: 3 senders, KZT1.2m in, 0 recipients; investigation hypothesis."
100000002605184100,terminal,0.802907,5,0.582073,Observed depth 2: KZT140k retained (100%) with 0 recipients; terminal-behavior hypothesis.
100000002605308100,consolidator,0.998912,41,0.830076,"Consolidation signs: 3 senders, KZT2.6m in, 0 recipients; investigation hypothesis."
100000002605548100,terminal,0.783221,12,0.641735,Observed depth 1: KZT117k retained (100%) with 0 recipients; terminal-behavior hypothesis.
100000002606567100,peripheral,0.402086,1,0.44405,"Peripheral pattern: 1 senders, 1 recipients, KZT67k observed flow; no stronger rule matched."
100000002609774100,peripheral,0.402086,19,0.431077,"Peripheral pattern: 1 senders, 1 recipients, KZT35k observed flow; no stronger rule matched."
100000002611334100,peripheral,0.402086,1,0.428346,"Peripheral pattern: 1 senders, 1 recipients, KZT64k observed flow; no stronger rule matched."
100000002612809100,peripheral,0.315612,27,0.419472,"Peripheral pattern: 1 senders, 3 recipients, KZT144k observed flow; no stronger rule matched."
100000002613776100,peripheral,0.594213,4,0.430892,"Peripheral pattern: 1 senders, 0 recipients, KZT30k observed flow; no stronger rule matched."
100000002613929100,peripheral,0.594213,6,0.433742,"Peripheral pattern: 1 senders, 0 recipients, KZT29k observed flow; no stronger rule matched."
100000002614095100,peripheral,0.594213,23,0.225822,"Peripheral pattern: 1 senders, 0 recipients, KZT5k observed flow; no stronger rule matched."
100000002615479100,terminal,0.867289,6,0.562204,Observed depth 1: KZT220k retained (100%) with 0 recipients; terminal-behavior hypothesis.
100000002618492100,terminal,0.901798,12,0.706913,Observed depth 1: KZT296k retained (100%) with 0 recipients; terminal-behavior hypothesis.
100000002621434100,peripheral,0.490579,6,0.449449,"Peripheral pattern: 1 senders, 0 recipients, KZT81k observed flow; no stronger rule matched."
100000002621915100,peripheral,0.594213,17,0.344684,"Peripheral pattern: 1 senders, 0 recipients, KZT5k observed flow; no stronger rule matched."
100000002621949100,terminal,0.823501,4,0.637676,Observed depth 1: KZT165k retained (100%) with 0 recipients; terminal-behavior hypothesis.
100000002622822100,peripheral,0.299574,36,0.493888,"Depth 4 boundary: KZT750k from 1 senders; downstream activity is unobserved, so no terminal conclusion."
100000002628146100,peripheral,0.594213,42,0.45162,"Peripheral pattern: 1 senders, 0 recipients, KZT30k observed flow; no stronger rule matched."
100000002628576100,transit,0.726108,11,0.726764,Pass-through signs: 74% sent onward; 100% outgoing value within 0-2 days; hypothesis only.
100000002632742100,terminal,0.875063,43,0.652272,Observed depth 3: KZT236k retained (100%) with 0 recipients; terminal-behavior hypothesis.
100000002633108100,terminal,0.910119,41,0.661311,Observed depth 3: KZT320k retained (100%) with 0 recipients; terminal-behavior hypothesis.
100000002633701100,terminal,0.889521,6,0.563754,Observed depth 2: KZT267k retained (100%) with 0 recipients; terminal-behavior hypothesis.
100000002635746100,peripheral,0.35,47,0.135458,"Depth 4 boundary: KZT5k from 1 senders; downstream activity is unobserved, so no terminal conclusion."
100000002635780100,terminal,0.822592,3,0.627938,Observed depth 2: KZT163k retained (100%) with 0 recipients; terminal-behavior hypothesis.
100000002644285100,terminal,0.952174,25,0.605769,Observed depth 3: KZT500k retained (100%) with 0 recipients; terminal-behavior hypothesis.
100000002645046100,peripheral,0.35,47,0.163452,"Depth 4 boundary: KZT12k from 1 senders; downstream activity is unobserved, so no terminal conclusion."
100000002645609100,consolidator,0.981097,1,0.761868,"Consolidation signs: 4 senders, KZT547k in, 0 recipients; investigation hypothesis."
100000002645993100,distributor,0.845677,1,0.675473,"Distribution signs: 5 recipients, KZT87k out in 9 tx; investigation hypothesis."
100000002646745100,peripheral,0.594213,23,0.252826,"Peripheral pattern: 1 senders, 0 recipients, KZT12k observed flow; no stronger rule matched."
100000002646887100,peripheral,0.594213,43,0.376741,"Peripheral pattern: 1 senders, 0 recipients, KZT24k observed flow; no stronger rule matched."
100000002648315100,peripheral,0.345222,3,0.428656,"Peripheral pattern: 1 senders, 2 recipients, KZT208k observed flow; no stronger rule matched."
100000002653187100,peripheral,0.35,9,0.277719,"Depth 4 boundary: KZT15k from 1 senders; downstream activity is unobserved, so no terminal conclusion."
100000002653948100,peripheral,0.482391,11,0.426828,"Peripheral pattern: 1 senders, 0 recipients, KZT85k observed flow; no stronger rule matched."
100000002659103100,peripheral,0.35,52,0.405523,"Depth 4 boundary: KZT165k from 1 senders; downstream activity is unobserved, so no terminal conclusion."
100000002659265100,peripheral,0.35,6,0.402231,"Depth 4 boundary: KZT141k from 1 senders; downstream activity is unobserved, so no terminal conclusion."
100000002660298100,peripheral,0.35,19,0.293714,"Depth 4 boundary: KZT31k from 1 senders; downstream activity is unobserved, so no terminal conclusion."
100000002662768100,peripheral,0.485083,4,0.407662,"Peripheral pattern: 1 senders, 0 recipients, KZT84k observed flow; no stronger rule matched."
100000002663511100,terminal,0.890976,1,0.615495,Observed depth 3: KZT269k retained (100%) with 0 recipients; terminal-behavior hypothesis.
100000002666248100,peripheral,0.500561,4,0.497782,"Peripheral pattern: 1 senders, 0 recipients, KZT70k observed flow; no stronger rule matched."
100000002670463100,peripheral,0.35,47,0.232651,"Depth 4 boundary: KZT32k from 1 senders; downstream activity is unobserved, so no terminal conclusion."
100000002670860100,terminal,0.939578,25,0.670872,Observed depth 1: KZT450k retained (100%) with 0 recipients; terminal-behavior hypothesis.
100000002670960100,terminal,0.945534,25,0.600771,Observed depth 3: KZT480k retained (100%) with 0 recipients; terminal-behavior hypothesis.
100000002671326100,peripheral,0.28432,43,0.489918,"Depth 4 boundary: KZT1.1m from 1 senders; downstream activity is unobserved, so no terminal conclusion."
100000002671806100,peripheral,0.594213,9,0.283351,"Peripheral pattern: 1 senders, 0 recipients, KZT12k observed flow; no stronger rule matched."
100000002677201100,peripheral,0.381,43,0.510466,"Peripheral pattern: 1 senders, 1 recipients, KZT238k observed flow; no stronger rule matched."
100000002679516100,consolidator,0.898957,9,0.678049,"Consolidation signs: 3 senders, KZT102k in, 0 recipients; investigation hypothesis."
100000002680477100,peripheral,0.594213,25,0.327292,"Peripheral pattern: 1 senders, 0 recipients, KZT25k observed flow; no stronger rule matched."
100000002681449100,peripheral,0.315612,43,0.509878,"Peripheral pattern: 2 senders, 2 recipients, KZT228k observed flow; no stronger rule matched."
100000002681544100,terminal,0.825593,3,0.613068,Observed depth 3: KZT166k retained (100%) with 0 recipients; terminal-behavior hypothesis.
100000002686226100,peripheral,0.333221,29,0.476158,"Depth 4 boundary: KZT430k from 1 senders; downstream activity is unobserved, so no terminal conclusion."
100000002689717100,peripheral,0.35,19,0.32371,"Depth 4 boundary: KZT48k from 1 senders; downstream activity is unobserved, so no terminal conclusion."
100000002691583100,terminal,0.899161,15,0.628844,Observed depth 3: KZT285k retained (100%) with 0 recipients; terminal-behavior hypothesis.
100000002691858100,peripheral,0.531404,42,0.462179,"Peripheral pattern: 1 senders, 0 recipients, KZT52k observed flow; no stronger rule matched."
100000002692044100,peripheral,0.466353,9,0.411948,"Peripheral pattern: 1 senders, 0 recipients, KZT97k observed flow; no stronger rule matched."
100000002692750100,consolidator,0.837322,3,0.673098,"Consolidation signs: 3 senders, KZT113k in, 1 recipients; investigation hypothesis."
100000002695812100,peripheral,0.35,19,0.372291,"Depth 4 boundary: KZT95k from 1 senders; downstream activity is unobserved, so no terminal conclusion."
100000002696152100,peripheral,0.345222,54,0.51533,"Peripheral pattern: 1 senders, 2 recipients, KZT91k observed flow; no stronger rule matched."
100000002697752100,terminal,0.843506,2,0.623712,Observed depth 3: KZT191k retained (100%) with 0 recipients; terminal-behavior hypothesis.
100000002700161100,peripheral,0.35,48,0.371074,"Depth 4 boundary: KZT39k from 1 senders; downstream activity is unobserved, so no terminal conclusion."
100000002702968100,peripheral,0.35,19,0.29562,"Depth 4 boundary: KZT32k from 1 senders; downstream activity is unobserved, so no terminal conclusion."
100000002703376100,peripheral,0.551032,1,0.425091,"Peripheral pattern: 1 senders, 0 recipients, KZT47k observed flow; no stronger rule matched."
100000002704875100,consolidator,0.947099,2,0.704617,"Consolidation signs: 3 senders, KZT245k in, 0 recipients; investigation hypothesis."
100000002705460100,peripheral,0.468596,17,0.471598,"Peripheral pattern: 1 senders, 0 recipients, KZT95k observed flow; no stronger rule matched."
100000002706810100,peripheral,0.35,47,0.255222,"Depth 4 boundary: KZT45k from 1 senders; downstream activity is unobserved, so no terminal conclusion."
100000002707106100,peripheral,0.35,41,0.245345,"Depth 4 boundary: KZT15k from 1 senders; downstream activity is unobserved, so no terminal conclusion."
100000002708624100,peripheral,0.594213,14,0.393313,"Peripheral pattern: 1 senders, 0 recipients, KZT25k observed flow; no stronger rule matched."
100000002710570100,terminal,0.868606,37,0.633589,Observed depth 2: KZT225k retained (100%) with 0 recipients; terminal-behavior hypothesis.
100000002712416100,terminal,0.783767,25,0.596293,Observed depth 3: KZT117k retained (100%) with 0 recipients; terminal-behavior hypothesis.
100000002713074100,peripheral,0.282301,29,0.546859,"Peripheral pattern: 2 senders, 1 recipients, KZT1.1m observed flow; no stronger rule matched."
100000002713974100,peripheral,0.35,2,0.336057,"Depth 4 boundary: KZT50k from 1 senders; downstream activity is unobserved, so no terminal conclusion."
100000002718366100,consolidator,0.998776,6,0.823332,"Consolidation signs: 6 senders, KZT2.5m in, 0 recipients; investigation hypothesis."
100000002720627100,terminal,0.849235,12,0.631596,Observed depth 1: KZT199k retained (100%) with 0 recipients; terminal-behavior hypothesis.
100000002721825100,peripheral,0.594213,1,0.369515,"Peripheral pattern: 1 senders, 0 recipients, KZT11k observed flow; no stronger rule matched."
100000002722108100,terminal,0.97645,25,0.64564,Observed depth 3: KZT800k retained (100%) with 0 recipients; terminal-behavior hypothesis.
100000002723439100,peripheral,0.35,54,0.311438,"Depth 4 boundary: KZT18k from 1 senders; downstream activity is unobserved, so no terminal conclusion."
100000002723538100,coordinator,0.950552,2,0.797243,"Coordination signs: 3 senders, 12 recipients, KZT106k in/KZT560k out; structural 0.79."
100000002723674100,peripheral,0.35,33,0.302885,"Depth 4 boundary: KZT30k from 1 senders; downstream activity is unobserved, so no terminal conclusion."
100000002726055100,peripheral,0.35,33,0.24239,"Depth 4 boundary: KZT10k from 1 senders; downstream activity is unobserved, so no terminal conclusion."
100000002727288100,peripheral,0.594213,5,0.365446,"Peripheral pattern: 1 senders, 0 recipients, KZT16k observed flow; no stronger rule matched."
100000002728246100,peripheral,0.35,11,0.254021,"Depth 4 boundary: KZT10k from 1 senders; downstream activity is unobserved, so no terminal conclusion."
100000002729875100,peripheral,0.35,19,0.355797,"Depth 4 boundary: KZT76k from 1 senders; downstream activity is unobserved, so no terminal conclusion."
100000002731501100,coordinator,0.872576,35,0.692907,"Coordination signs: 3 senders, 7 recipients, KZT570k in/KZT834k out; structural 0.61."
100000002733083100,peripheral,0.35,19,0.23971,"Depth 4 boundary: KZT15k from 1 senders; downstream activity is unobserved, so no terminal conclusion."
100000002733905100,consolidator,0.76236,23,0.652624,"Consolidation signs: 3 senders, KZT100k in, 2 recipients; investigation hypothesis."
100000002734815100,peripheral,0.35,6,0.389067,"Depth 4 boundary: KZT110k from 1 senders; downstream activity is unobserved, so no terminal conclusion."
100000002736033100,peripheral,0.402086,29,0.398572,"Peripheral pattern: 1 senders, 1 recipients, KZT46k observed flow; no stronger rule matched."
100000002736316100,consolidator,0.951315,1,0.685994,"Consolidation signs: 3 senders, KZT267k in, 0 recipients; investigation hypothesis."
100000002737980100,peripheral,0.587147,17,0.399988,"Peripheral pattern: 1 senders, 0 recipients, KZT33k observed flow; no stronger rule matched."
100000002738256100,transit,0.7733,59,0.61376,Pass-through signs: 117% sent onward; 100% outgoing value within 0-2 days; hypothesis only.
100000002741024100,coordinator,1.0,1,0.802046,"Coordination signs: 5 senders, 6 recipients, KZT818k in/KZT435k out; structural 0.91."
100000002742067100,peripheral,0.594213,5,0.340024,"Peripheral pattern: 1 senders, 0 recipients, KZT13k observed flow; no stronger rule matched."
100000002744581100,peripheral,0.594213,3,0.292389,"Peripheral pattern: 1 senders, 0 recipients, KZT12k observed flow; no stronger rule matched."
100000002748040100,peripheral,0.35,19,0.251789,"Depth 4 boundary: KZT18k from 1 senders; downstream activity is unobserved, so no terminal conclusion."
100000002748180100,distributor,0.947262,25,0.668094,"Distribution signs: 8 recipients, KZT680k out in 9 tx; investigation hypothesis."
100000002748511100,peripheral,0.35,17,0.290356,"Depth 4 boundary: KZT20k from 1 senders; downstream activity is unobserved, so no terminal conclusion."
100000002748532100,consolidator,0.830493,36,0.734847,"Consolidation signs: 3 senders, KZT356k in, 2 recipients; investigation hypothesis."
100000002748581100,peripheral,0.564042,41,0.410163,"Peripheral pattern: 1 senders, 0 recipients, KZT41k observed flow; no stronger rule matched."
100000002748761100,terminal,0.975995,25,0.651026,Observed depth 3: KZT797k retained (100%) with 0 recipients; terminal-behavior hypothesis.
100000002750332100,peripheral,0.594213,6,0.278858,"Peripheral pattern: 1 senders, 0 recipients, KZT11k observed flow; no stronger rule matched."
100000002750956100,peripheral,0.546546,1,0.443697,"Peripheral pattern: 1 senders, 0 recipients, KZT47k observed flow; no stronger rule matched."
100000002752565100,peripheral,0.35,2,0.347107,"Depth 4 boundary: KZT57k from 1 senders; downstream activity is unobserved, so no terminal conclusion."
100000002753146100,terminal,0.977269,25,0.651834,Observed depth 3: KZT804k retained (100%) with 0 recipients; terminal-behavior hypothesis.
100000002755292100,terminal,0.85842,11,0.581377,Observed depth 3: KZT203k retained (100%) with 0 recipients; terminal-behavior hypothesis.
100000002757240100,peripheral,0.531965,4,0.468363,"Peripheral pattern: 1 senders, 0 recipients, KZT51k observed flow; no stronger rule matched."
100000002757791100,peripheral,0.49843,49,0.374959,"Peripheral pattern: 1 senders, 0 recipients, KZT73k observed flow; no stronger rule matched."
100000002757797100,terminal,0.759668,9,0.488266,Observed depth 1: KZT100k retained (100%) with 0 recipients; terminal-behavior hypothesis.
100000002760175100,terminal,0.839777,12,0.624998,Observed depth 1: KZT187k retained (100%) with 0 recipients; terminal-behavior hypothesis.
100000002762076100,peripheral,0.345222,3,0.439058,"Peripheral pattern: 2 senders, 1 recipients, KZT170k observed flow; no stronger rule matched."
100000002769809100,terminal,0.781402,44,0.552405,Observed depth 3: KZT113k retained (100%) with 0 recipients; terminal-behavior hypothesis.
100000002773323100,peripheral,0.274899,43,0.565706,"Peripheral pattern: 2 senders, 1 recipients, KZT1.5m observed flow; no stronger rule matched."
100000002774456100,peripheral,0.534208,12,0.457725,"Peripheral pattern: 1 senders, 0 recipients, KZT50k observed flow; no stronger rule matched."
100000002778085100,peripheral,0.506393,17,0.456237,"Peripheral pattern: 1 senders, 0 recipients, KZT66k observed flow; no stronger rule matched."
100000002779485100,peripheral,0.473643,2,0.500187,"Peripheral pattern: 1 senders, 0 recipients, KZT91k observed flow; no stronger rule matched."
100000002781227100,transit,0.762569,60,0.702193,Pass-through signs: 111% sent onward; 81% outgoing value within 0-2 days; hypothesis only.
100000002784085100,terminal,0.852736,6,0.552965,Observed depth 1: KZT200k retained (100%) with 0 recipients; terminal-behavior hypothesis.
100000002791494100,peripheral,0.35,19,0.364181,"Depth 4 boundary: KZT86k from 1 senders; downstream activity is unobserved, so no terminal conclusion."
100000002793851100,peripheral,0.594213,17,0.34464,"Peripheral pattern: 1 senders, 0 recipients, KZT11k observed flow; no stronger rule matched."
100000002793881100,consolidator,0.988713,6,0.759691,"Consolidation signs: 3 senders, KZT786k in, 0 recipients; investigation hypothesis."
100000002794197100,peripheral,0.594213,3,0.347156,"Peripheral pattern: 1 senders, 0 recipients, KZT30k observed flow; no stronger rule matched."
100000002794374100,peripheral,0.35,61,0.409509,"Depth 4 boundary: KZT111k from 1 senders; downstream activity is unobserved, so no terminal conclusion."
100000002796853100,peripheral,0.377411,60,0.531382,"Peripheral pattern: 1 senders, 1 recipients, KZT245k observed flow; no stronger rule matched."
100000002799941100,terminal,0.966132,44,0.682114,Observed depth 3: KZT600k retained (100%) with 0 recipients; terminal-behavior hypothesis.
100000002807334100,peripheral,0.523665,11,0.410185,"Peripheral pattern: 1 senders, 0 recipients, KZT55k observed flow; no stronger rule matched."
100000002809568100,peripheral,0.594213,1,0.339314,"Peripheral pattern: 1 senders, 0 recipients, KZT10k observed flow; no stronger rule matched."
100000002809896100,peripheral,0.572342,19,0.409039,"Peripheral pattern: 1 senders, 0 recipients, KZT38k observed flow; no stronger rule matched."
100000002810870100,peripheral,0.585352,23,0.360889,"Peripheral pattern: 1 senders, 0 recipients, KZT34k observed flow; no stronger rule matched."
100000002812641100,transit,0.543395,6,0.47633,Pass-through signs: 70% sent onward; 100% outgoing value within 0-2 days; hypothesis only.
100000002815005100,terminal,0.944807,6,0.670593,Observed depth 3: KZT476k retained (100%) with 0 recipients; terminal-behavior hypothesis.
100000002818726100,peripheral,0.594213,13,0.319885,"Peripheral pattern: 1 senders, 0 recipients, KZT11k observed flow; no stronger rule matched."
100000002820010100,peripheral,0.594213,3,0.338157,"Peripheral pattern: 1 senders, 0 recipients, KZT30k observed flow; no stronger rule matched."
100000002821425100,terminal,0.894024,25,0.55556,Observed depth 3: KZT275k retained (100%) with 0 recipients; terminal-behavior hypothesis.
100000002822472100,terminal,0.888975,25,0.660183,Observed depth 3: KZT267k retained (100%) with 0 recipients; terminal-behavior hypothesis.
100000002824176100,terminal,0.807134,3,0.539529,Observed depth 1: KZT144k retained (100%) with 0 recipients; terminal-behavior hypothesis.
100000002826669100,terminal,0.819774,1,0.624033,Observed depth 2: KZT160k retained (100%) with 0 recipients; terminal-behavior hypothesis.
100000002830055100,peripheral,0.594213,23,0.28937,"Peripheral pattern: 1 senders, 0 recipients, KZT14k observed flow; no stronger rule matched."
100000002831727100,peripheral,0.402086,44,0.46636,"Peripheral pattern: 1 senders, 1 recipients, KZT83k observed flow; no stronger rule matched."
100000002832753100,peripheral,0.35,5,0.267861,"Depth 4 boundary: KZT12k from 1 senders; downstream activity is unobserved, so no terminal conclusion."
100000002835874100,peripheral,0.35,6,0.341843,"Depth 4 boundary: KZT59k from 1 senders; downstream activity is unobserved, so no terminal conclusion."
100000002836052100,peripheral,0.594213,4,0.395976,"Peripheral pattern: 1 senders, 0 recipients, KZT15k observed flow; no stronger rule matched."
100000002836736100,terminal,0.954174,3,0.696049,Observed depth 1: KZT509k retained (100%) with 0 recipients; terminal-behavior hypothesis.
100000002838519100,peripheral,0.550359,41,0.416096,"Peripheral pattern: 1 senders, 0 recipients, KZT47k observed flow; no stronger rule matched."
100000002838861100,consolidator,0.914702,6,0.768465,"Consolidation signs: 5 senders, KZT555k in, 1 recipients; investigation hypothesis."
100000002842321100,terminal,0.820865,11,0.554998,Observed depth 3: KZT160k retained (100%) with 0 recipients; terminal-behavior hypothesis.
100000002842337100,peripheral,0.538246,3,0.384824,"Peripheral pattern: 1 senders, 0 recipients, KZT50k observed flow; no stronger rule matched."
100000002844652100,peripheral,0.51245,3,0.381449,"Peripheral pattern: 1 senders, 0 recipients, KZT61k observed flow; no stronger rule matched."
100000002844897100,peripheral,0.594213,6,0.277184,"Peripheral pattern: 1 senders, 0 recipients, KZT11k observed flow; no stronger rule matched."
100000002845605100,peripheral,0.518955,1,0.455787,"Peripheral pattern: 1 senders, 0 recipients, KZT58k observed flow; no stronger rule matched."
100000002847207100,peripheral,0.551929,4,0.475177,"Peripheral pattern: 1 senders, 0 recipients, KZT46k observed flow; no stronger rule matched."
100000002849158100,consolidator,0.92055,6,0.78291,"Consolidation signs: 3 senders, KZT723k in, 1 recipients; investigation hypothesis."
100000002852402100,peripheral,0.522544,5,0.452159,"Peripheral pattern: 1 senders, 0 recipients, KZT55k observed flow; no stronger rule matched."
100000002858835100,peripheral,0.594213,23,0.334409,"Peripheral pattern: 1 senders, 0 recipients, KZT24k observed flow; no stronger rule matched."
100000002860934100,peripheral,0.35,16,0.468449,"Depth 4 boundary: KZT280k from 1 senders; downstream activity is unobserved, so no terminal conclusion."
100000002861485100,peripheral,0.594213,17,0.411369,"Peripheral pattern: 1 senders, 0 recipients, KZT29k observed flow; no stronger rule matched."
100000002862113100,peripheral,0.54677,41,0.434054,"Peripheral pattern: 1 senders, 0 recipients, KZT47k observed flow; no stronger rule matched."
100000002863356100,peripheral,0.402086,23,0.365055,"Peripheral pattern: 1 senders, 1 recipients, KZT65k observed flow; no stronger rule matched."
100000002864256100,terminal,0.796859,4,0.616805,Observed depth 1: KZT136k retained (100%) with 0 recipients; terminal-behavior hypothesis.
100000002864680100,peripheral,0.520749,9,0.387425,"Peripheral pattern: 1 senders, 0 recipients, KZT56k observed flow; no stronger rule matched."
100000002870463100,consolidator,0.872137,3,0.748655,"Consolidation signs: 3 senders, KZT207k in, 1 recipients; investigation hypothesis."
100000002870937100,peripheral,0.485756,3,0.39345,"Peripheral pattern: 1 senders, 0 recipients, KZT84k observed flow; no stronger rule matched."
100000002871199100,peripheral,0.594213,41,0.368216,"Peripheral pattern: 1 senders, 0 recipients, KZT23k observed flow; no stronger rule matched."
100000002872399100,terminal,0.986181,3,0.677038,Observed depth 3: KZT1.1m retained (100%) with 0 recipients; terminal-behavior hypothesis.
100000002876914100,peripheral,0.35,47,0.163452,"Depth 4 boundary: KZT12k from 1 senders; downstream activity is unobserved, so no terminal conclusion."
100000002877262100,terminal,0.759668,43,0.534324,Observed depth 3: KZT100k retained (100%) with 0 recipients; terminal-behavior hypothesis.
100000002878467100,terminal,0.852736,43,0.637403,Observed depth 3: KZT200k retained (100%) with 0 recipients; terminal-behavior hypothesis.
100000002878483100,peripheral,0.35,47,0.138696,"Depth 4 boundary: KZT6k from 1 senders; downstream activity is unobserved, so no terminal conclusion."
100000002881669100,peripheral,0.594213,9,0.309973,"Peripheral pattern: 1 senders, 0 recipients, KZT19k observed flow; no stronger rule matched."
100000002883402100,consolidator,0.957026,6,0.710612,"Consolidation signs: 3 senders, KZT300k in, 0 recipients; investigation hypothesis."
100000002884708100,peripheral,0.28118,43,0.500314,"Depth 4 boundary: KZT1.2m from 1 senders; downstream activity is unobserved, so no terminal conclusion."
100000002886166100,terminal,0.838276,35,0.541948,Observed depth 3: KZT185k retained (100%) with 0 recipients; terminal-behavior hypothesis.
100000002890167100,terminal,0.784312,17,0.567642,Observed depth 1: KZT118k retained (100%) with 0 recipients; terminal-behavior hypothesis.
100000002891765100,peripheral,0.521198,41,0.429067,"Peripheral pattern: 1 senders, 0 recipients, KZT56k observed flow; no stronger rule matched."
100000002893020100,peripheral,0.594213,19,0.353154,"Peripheral pattern: 1 senders, 0 recipients, KZT18k observed flow; no stronger rule matched."
100000002894076100,consolidator,0.993744,3,0.819275,"Consolidation signs: 4 senders, KZT1.1m in, 0 recipients; investigation hypothesis."
100000002896506100,peripheral,0.35,11,0.323203,"Depth 4 boundary: KZT45k from 1 senders; downstream activity is unobserved, so no terminal conclusion."
100000002901457100,peripheral,0.315612,1,0.556529,"Peripheral pattern: 1 senders, 3 recipients, KZT459k observed flow; no stronger rule matched."
100000002904919100,peripheral,0.402086,1,0.423405,"Peripheral pattern: 1 senders, 1 recipients, KZT66k observed flow; no stronger rule matched."
100000002906470100,terminal,0.792858,44,0.549484,Observed depth 3: KZT130k retained (100%) with 0 recipients; terminal-behavior hypothesis.
100000002908521100,peripheral,0.557649,23,0.341251,"Peripheral pattern: 1 senders, 0 recipients, KZT44k observed flow; no stronger rule matched."
100000002911170100,terminal,0.904162,34,0.65961,Observed depth 2: KZT300k retained (100%) with 0 recipients; terminal-behavior hypothesis.
100000002913340100,peripheral,0.594213,23,0.298124,"Peripheral pattern: 1 senders, 0 recipients, KZT24k observed flow; no stronger rule matched."
100000002914245100,terminal,0.804316,2,0.481763,Observed depth 3: KZT141k retained (100%) with 0 recipients; terminal-behavior hypothesis.
100000002916006100,peripheral,0.4,50,0.284664,Seed: 1 recipients and KZT32k observed out; incoming flow is incomplete; investigation hypothesis only.
100000002921047100,peripheral,0.317519,3,0.649396,"Peripheral pattern: 2 senders, 1 recipients, KZT501k observed flow; no stronger rule matched."
100000002922000100,peripheral,0.330081,52,0.452525,"Depth 4 boundary: KZT448k from 1 senders; downstream activity is unobserved, so no terminal conclusion."
100000002926970100,peripheral,0.483176,19,0.448904,"Peripheral pattern: 1 senders, 0 recipients, KZT85k observed flow; no stronger rule matched."
100000002933386100,peripheral,0.402086,4,0.467588,"Peripheral pattern: 1 senders, 1 recipients, KZT73k observed flow; no stronger rule matched."
100000002934441100,peripheral,0.402086,1,0.468523,"Peripheral pattern: 2 senders, 0 recipients, KZT61k observed flow; no stronger rule matched."
100000002936322100,terminal,0.97545,2,0.722957,Observed depth 3: KZT787k retained (100%) with 0 recipients; terminal-behavior hypothesis.
100000002938501100,peripheral,0.402086,17,0.318907,"Peripheral pattern: 1 senders, 1 recipients, KZT13k observed flow; no stronger rule matched."
100000002939838100,consolidator,0.982457,17,0.792975,"Consolidation signs: 3 senders, KZT571k in, 0 recipients; investigation hypothesis."
100000002941114100,terminal,0.749923,12,0.725144,Observed depth 1: KZT114k retained (88%) with 1 recipients; terminal-behavior hypothesis.
100000002943472100,terminal,0.831278,43,0.587718,Observed depth 3: KZT170k retained (100%) with 0 recipients; terminal-behavior hypothesis.
100000002945031100,peripheral,0.594213,13,0.335667,"Peripheral pattern: 1 senders, 0 recipients, KZT15k observed flow; no stronger rule matched."
100000002945626100,consolidator,0.982865,6,0.746999,"Consolidation signs: 3 senders, KZT584k in, 0 recipients; investigation hypothesis."
100000002947299100,peripheral,0.483176,4,0.489685,"Peripheral pattern: 1 senders, 0 recipients, KZT85k observed flow; no stronger rule matched."
100000002948492100,peripheral,0.594213,41,0.37004,"Peripheral pattern: 1 senders, 0 recipients, KZT24k observed flow; no stronger rule matched."
100000002951898100,peripheral,0.568753,41,0.40803,"Peripheral pattern: 1 senders, 0 recipients, KZT40k observed flow; no stronger rule matched."
100000002952631100,peripheral,0.545424,17,0.438959,"Peripheral pattern: 1 senders, 0 recipients, KZT48k observed flow; no stronger rule matched."
100000002952756100,peripheral,0.549349,12,0.366077,"Peripheral pattern: 1 senders, 0 recipients, KZT47k observed flow; no stronger rule matched."
100000002954780100,terminal,0.794494,6,0.56157,Observed depth 3: KZT133k retained (100%) with 0 recipients; terminal-behavior hypothesis.
100000002956769100,consolidator,0.990209,25,0.762929,"Consolidation signs: 3 senders, KZT840k in, 0 recipients; investigation hypothesis."
100000002956779100,terminal,0.932077,4,0.591829,Observed depth 3: KZT411k retained (100%) with 0 recipients; terminal-behavior hypothesis.
100000002956898100,terminal,0.900707,5,0.680758,Observed depth 2: KZT290k retained (100%) with 0 recipients; terminal-behavior hypothesis.
100000002957306100,terminal,0.929804,12,0.748954,Observed depth 1: KZT398k retained (100%) with 0 recipients; terminal-behavior hypothesis.
100000002957787100,coordinator,1.0,1,0.866395,"Coordination signs: 4 senders, 34 recipients, KZT85k in/KZT1.3m out; structural 0.95."
100000002958139100,terminal,0.861423,6,0.618178,Observed depth 3: KZT210k retained (100%) with 0 recipients; terminal-behavior hypothesis.
100000002958286100,terminal,0.885974,6,0.577059,Observed depth 1: KZT257k retained (100%) with 0 recipients; terminal-behavior hypothesis.
100000002958343100,peripheral,0.254486,3,0.515625,"Peripheral pattern: 1 senders, 2 recipients, KZT4.3m observed flow; no stronger rule matched."
100000002958345100,terminal,0.907434,25,0.566722,Observed depth 3: KZT307k retained (100%) with 0 recipients; terminal-behavior hypothesis.
100000002963189100,distributor,0.996542,41,0.788941,"Distribution signs: 7 recipients, KZT5.2m out in 15 tx; investigation hypothesis."
100000002964966100,terminal,0.852736,4,0.628565,Observed depth 2: KZT200k retained (100%) with 0 recipients; terminal-behavior hypothesis.
100000002968096100,peripheral,0.35,2,0.353682,"Depth 4 boundary: KZT70k from 1 senders; downstream activity is unobserved, so no terminal conclusion."
100000002969048100,terminal,0.772671,3,0.483446,Observed depth 2: KZT108k retained (100%) with 0 recipients; terminal-behavior hypothesis.
100000002970466100,peripheral,0.345222,1,0.484614,"Peripheral pattern: 1 senders, 2 recipients, KZT116k observed flow; no stronger rule matched."
100000002971593100,peripheral,0.35,11,0.345056,"Depth 4 boundary: KZT49k from 1 senders; downstream activity is unobserved, so no terminal conclusion."
100000002973903100,peripheral,0.345222,9,0.506099,"Peripheral pattern: 3 senders, 0 recipients, KZT93k observed flow; no stronger rule matched."
100000002974256100,peripheral,0.594213,9,0.288046,"Peripheral pattern: 1 senders, 0 recipients, KZT7k observed flow; no stronger rule matched."
100000002975287100,peripheral,0.594213,29,0.332058,"Peripheral pattern: 1 senders, 0 recipients, KZT15k observed flow; no stronger rule matched."
100000002975437100,terminal,0.952226,37,0.690506,Observed depth 3: KZT522k retained (98%) with 1 recipients; terminal-behavior hypothesis.
100000002981489100,peripheral,0.35,11,0.215767,"Depth 4 boundary: KZT10k from 1 senders; downstream activity is unobserved, so no terminal conclusion."
100000002981527100,terminal,0.828504,6,0.535723,Observed depth 1: KZT168k retained (100%) with 0 recipients; terminal-behavior hypothesis.
100000002982252100,peripheral,0.594213,23,0.321873,"Peripheral pattern: 1 senders, 0 recipients, KZT20k observed flow; no stronger rule matched."
100000002983426100,peripheral,0.478578,19,0.450967,"Peripheral pattern: 1 senders, 0 recipients, KZT89k observed flow; no stronger rule matched."
100000002983879100,terminal,0.855691,4,0.67208,Observed depth 2: KZT200k retained (100%) with 0 recipients; terminal-behavior hypothesis.
100000002984403100,peripheral,0.402086,14,0.410581,"Peripheral pattern: 1 senders, 1 recipients, KZT45k observed flow; no stronger rule matched."
100000002986245100,peripheral,0.35,47,0.137593,"Depth 4 boundary: KZT6k from 1 senders; downstream activity is unobserved, so no terminal conclusion."
100000002988894100,peripheral,0.315612,4,0.633966,"Peripheral pattern: 1 senders, 3 recipients, KZT384k observed flow; no stronger rule matched."
100000002989353100,transit,0.597967,25,0.602354,Pass-through signs: 64% sent onward; 93% outgoing value within 0-2 days; hypothesis only.
100000002990675100,peripheral,0.532189,11,0.406773,"Peripheral pattern: 1 senders, 0 recipients, KZT51k observed flow; no stronger rule matched."
100000002991079100,terminal,0.780872,17,0.706938,Observed depth 1: KZT138k retained (93%) with 1 recipients; terminal-behavior hypothesis.
100000002992171100,peripheral,0.594213,23,0.291522,"Peripheral pattern: 1 senders, 0 recipients, KZT15k observed flow; no stronger rule matched."
100000002994441100,peripheral,0.35,2,0.238366,"Depth 4 boundary: KZT5k from 1 senders; downstream activity is unobserved, so no terminal conclusion."
100000002999140100,peripheral,0.35,9,0.234985,"Depth 4 boundary: KZT10k from 1 senders; downstream activity is unobserved, so no terminal conclusion."
100000003001138100,peripheral,0.35,16,0.300666,"Depth 4 boundary: KZT30k from 1 senders; downstream activity is unobserved, so no terminal conclusion."
100000003001564100,peripheral,0.393114,17,0.505222,"Peripheral pattern: 1 senders, 1 recipients, KZT204k observed flow; no stronger rule matched."
100000003001661100,distributor,0.931268,16,0.737384,"Distribution signs: 5 recipients, KZT440k out in 8 tx; investigation hypothesis."
100000003003821100,peripheral,0.567407,4,0.477773,"Peripheral pattern: 1 senders, 0 recipients, KZT40k observed flow; no stronger rule matched."
100000003004487100,consolidator,0.796902,37,0.772553,"Consolidation signs: 4 senders, KZT184k in, 2 recipients; investigation hypothesis."
100000003005167100,peripheral,0.35,47,0.142908,"Depth 4 boundary: KZT7k from 1 senders; downstream activity is unobserved, so no terminal conclusion."
100000003006633100,peripheral,0.594213,39,0.320074,"Peripheral pattern: 1 senders, 0 recipients, KZT10k observed flow; no stronger rule matched."
100000003009900100,peripheral,0.594213,19,0.341738,"Peripheral pattern: 1 senders, 0 recipients, KZT16k observed flow; no stronger rule matched."
100000003010908100,peripheral,0.35,19,0.27147,"Depth 4 boundary: KZT17k from 1 senders; downstream activity is unobserved, so no terminal conclusion."
100000003014659100,terminal,0.895978,12,0.664198,Observed depth 1: KZT280k retained (100%) with 0 recipients; terminal-behavior hypothesis.
100000003016438100,transit,0.373679,43,0.595904,Pass-through signs: 150% sent onward; 67% outgoing value within 0-2 days; hypothesis only.
100000003016635100,coordinator,1.0,17,0.852268,"Coordination signs: 8 senders, 73 recipients, KZT587k in/KZT9.4m out; structural 0.99. Seed inflow incomplete."
100000003016773100,peripheral,0.550808,43,0.46097,"Peripheral pattern: 1 senders, 0 recipients, KZT47k observed flow; no stronger rule matched."
100000003022835100,terminal,0.788721,4,0.610855,Observed depth 1: KZT125k retained (100%) with 0 recipients; terminal-behavior hypothesis.
100000003024542100,peripheral,0.594213,4,0.375193,"Peripheral pattern: 1 senders, 0 recipients, KZT8k observed flow; no stronger rule matched."
100000003025903100,peripheral,0.341297,11,0.479548,"Depth 4 boundary: KZT386k from 1 senders; downstream activity is unobserved, so no terminal conclusion."
100000003031003100,consolidator,0.953898,25,0.700407,"Consolidation signs: 3 senders, KZT280k in, 0 recipients; investigation hypothesis."
100000003031633100,terminal,0.932577,6,0.676041,Observed depth 3: KZT414k retained (100%) with 0 recipients; terminal-behavior hypothesis.
100000003031761100,terminal,0.941805,2,0.590917,Observed depth 3: KZT460k retained (100%) with 0 recipients; terminal-behavior hypothesis.
100000003031890100,terminal,0.864333,35,0.587883,Observed depth 2: KZT215k retained (100%) with 0 recipients; terminal-behavior hypothesis.
100000003034546100,terminal,0.947353,6,0.628346,Observed depth 2: KZT487k retained (100%) with 0 recipients; terminal-behavior hypothesis.
100000003035737100,terminal,0.97466,11,0.787508,Observed depth 3: KZT803k retained (99%) with 1 recipients; terminal-behavior hypothesis.
100000003036198100,peripheral,0.594213,4,0.343722,"Peripheral pattern: 1 senders, 0 recipients, KZT15k observed flow; no stronger rule matched."
100000003037476100,peripheral,0.312248,6,0.50792,"Depth 4 boundary: KZT555k from 3 senders; downstream activity is unobserved, so no terminal conclusion."
100000003037660100,peripheral,0.528039,4,0.485305,"Peripheral pattern: 1 senders, 0 recipients, KZT53k observed flow; no stronger rule matched."
100000003039473100,peripheral,0.594213,17,0.39554,"Peripheral pattern: 1 senders, 0 recipients, KZT23k observed flow; no stronger rule matched."
100000003040087100,peripheral,0.35,19,0.287339,"Depth 4 boundary: KZT29k from 1 senders; downstream activity is unobserved, so no terminal conclusion."
100000003042994100,terminal,0.899707,17,0.67478,Observed depth 1: KZT286k retained (100%) with 0 recipients; terminal-behavior hypothesis.
100000003044431100,peripheral,0.402086,4,0.452329,"Peripheral pattern: 2 senders, 0 recipients, KZT60k observed flow; no stronger rule matched."
100000003044518100,peripheral,0.583333,3,0.352096,"Peripheral pattern: 1 senders, 0 recipients, KZT34k observed flow; no stronger rule matched."
100000003047800100,peripheral,0.35,25,0.187252,"Depth 4 boundary: KZT12k from 1 senders; downstream activity is unobserved, so no terminal conclusion."
100000003050771100,terminal,0.870426,13,0.611381,Observed depth 3: KZT229k retained (100%) with 0 recipients; terminal-behavior hypothesis.
100000003054328100,transit,0.568523,25,0.566886,Pass-through signs: 138% sent onward; 96% outgoing value within 0-2 days; hypothesis only.
100000003057225100,terminal,0.876155,17,0.635314,Observed depth 1: KZT236k retained (100%) with 0 recipients; terminal-behavior hypothesis.
100000003060187100,peripheral,0.471848,44,0.446478,"Peripheral pattern: 1 senders, 0 recipients, KZT93k observed flow; no stronger rule matched."
100000003060517100,terminal,0.909346,29,0.637241,Observed depth 3: KZT316k retained (100%) with 0 recipients; terminal-behavior hypothesis.
100000003061115100,peripheral,0.35,1,0.339714,"Depth 4 boundary: KZT45k from 1 senders; downstream activity is unobserved, so no terminal conclusion."
100000003062895100,terminal,0.91262,43,0.713238,Observed depth 2: KZT328k retained (100%) with 0 recipients; terminal-behavior hypothesis.
100000003066385100,peripheral,0.402086,1,0.372774,"Peripheral pattern: 2 senders, 0 recipients, KZT20k observed flow; no stronger rule matched."
100000003068941100,peripheral,0.315612,1,0.552527,"Peripheral pattern: 3 senders, 1 recipients, KZT119k observed flow; no stronger rule matched."
100000003069463100,peripheral,0.402086,15,0.361323,"Peripheral pattern: 1 senders, 1 recipients, KZT29k observed flow; no stronger rule matched."
100000003071649100,terminal,0.841687,6,0.597068,Observed depth 3: KZT190k retained (100%) with 0 recipients; terminal-behavior hypothesis.
100000003071930100,consolidator,0.908583,6,0.815897,"Consolidation signs: 3 senders, KZT478k in, 1 recipients; investigation hypothesis."
100000003072205100,peripheral,0.35,6,0.444343,"Depth 4 boundary: KZT163k from 2 senders; downstream activity is unobserved, so no terminal conclusion."
100000003072676100,peripheral,0.590736,29,0.396293,"Peripheral pattern: 1 senders, 0 recipients, KZT32k observed flow; no stronger rule matched."
100000003073398100,peripheral,0.472297,3,0.395853,"Peripheral pattern: 1 senders, 0 recipients, KZT93k observed flow; no stronger rule matched."
100000003073635100,terminal,0.79204,2,0.550308,Observed depth 3: KZT129k retained (100%) with 0 recipients; terminal-behavior hypothesis.
100000003074515100,peripheral,0.35,6,0.380679,"Depth 4 boundary: KZT105k from 1 senders; downstream activity is unobserved, so no terminal conclusion."
100000003078839100,peripheral,0.35,2,0.266411,"Depth 4 boundary: KZT14k from 1 senders; downstream activity is unobserved, so no terminal conclusion."
100000003083865100,peripheral,0.35,19,0.237839,"Depth 4 boundary: KZT15k from 1 senders; downstream activity is unobserved, so no terminal conclusion."
100000003084870100,peripheral,0.35,25,0.177283,"Depth 4 boundary: KZT6k from 1 senders; downstream activity is unobserved, so no terminal conclusion."
100000003086040100,peripheral,0.594213,1,0.370484,"Peripheral pattern: 1 senders, 0 recipients, KZT10k observed flow; no stronger rule matched."
100000003087877100,peripheral,0.473194,2,0.370843,"Peripheral pattern: 1 senders, 0 recipients, KZT91k observed flow; no stronger rule matched."
100000003089018100,terminal,0.871608,6,0.549461,Observed depth 2: KZT230k retained (100%) with 0 recipients; terminal-behavior hypothesis.
100000003089553100,terminal,0.812317,43,0.57246,Observed depth 3: KZT150k retained (100%) with 0 recipients; terminal-behavior hypothesis.
100000003091142100,peripheral,0.35,1,0.327597,"Depth 4 boundary: KZT40k from 1 senders; downstream activity is unobserved, so no terminal conclusion."
100000003093299100,peripheral,0.594213,1,0.326512,"Peripheral pattern: 1 senders, 0 recipients, KZT15k observed flow; no stronger rule matched."
100000003095610100,peripheral,0.594213,19,0.372758,"Peripheral pattern: 1 senders, 0 recipients, KZT24k observed flow; no stronger rule matched."
100000003096787100,peripheral,0.35,19,0.24499,"Depth 4 boundary: KZT16k from 1 senders; downstream activity is unobserved, so no terminal conclusion."
100000003097324100,terminal,0.901253,36,0.682696,Observed depth 3: KZT294k retained (100%) with 0 recipients; terminal-behavior hypothesis.
100000003097947100,peripheral,0.35,2,0.339468,"Depth 4 boundary: KZT53k from 1 senders; downstream activity is unobserved, so no terminal conclusion."
100000003102157100,peripheral,0.466913,1,0.495706,"Peripheral pattern: 1 senders, 0 recipients, KZT97k observed flow; no stronger rule matched."
100000003104347100,terminal,0.90574,30,0.685053,Observed depth 2: KZT386k retained (92%) with 1 recipients; terminal-behavior hypothesis.
100000003105089100,peripheral,0.35,33,0.230094,"Depth 4 boundary: KZT10k from 1 senders; downstream activity is unobserved, so no terminal conclusion."
100000003105929100,peripheral,0.309444,11,0.51554,"Peripheral pattern: 1 senders, 1 recipients, KZT586k observed flow; no stronger rule matched."
100000003109805100,peripheral,0.576155,29,0.399254,"Peripheral pattern: 1 senders, 0 recipients, KZT37k observed flow; no stronger rule matched."
100000003111305100,consolidator,0.978921,49,0.742352,"Consolidation signs: 4 senders, KZT509k in, 0 recipients; investigation hypothesis."
100000003112436100,terminal,0.759668,17,0.539644,Observed depth 2: KZT100k retained (100%) with 0 recipients; terminal-behavior hypothesis.
100000003112578100,terminal,0.765578,25,0.46137,Observed depth 3: KZT101k retained (100%) with 0 recipients; terminal-behavior hypothesis.
100000003115284100,coordinator,0.9,12,0.90006,"Coordination signs: 8 senders, 2 recipients, KZT2.2m in/KZT517k out; structural 0.91."
100000003116106100,terminal,0.949173,11,0.671886,Observed depth 3: KZT494k retained (100%) with 0 recipients; terminal-behavior hypothesis.
100000003119550100,peripheral,0.594213,23,0.323293,"Peripheral pattern: 1 senders, 0 recipients, KZT21k observed flow; no stronger rule matched."
100000003122817100,terminal,0.937167,15,0.66229,Observed depth 3: KZT445k retained (100%) with 0 recipients; terminal-behavior hypothesis.
100000003123296100,peripheral,0.481045,9,0.421924,"Peripheral pattern: 1 senders, 0 recipients, KZT86k observed flow; no stronger rule matched."
100000003125997100,peripheral,0.35,43,0.392852,"Depth 4 boundary: KZT88k from 1 senders; downstream activity is unobserved, so no terminal conclusion."
100000003128638100,peripheral,0.35,6,0.445917,"Depth 4 boundary: KZT300k from 1 senders; downstream activity is unobserved, so no terminal conclusion."
100000003131016100,peripheral,0.314154,1,0.57684,"Peripheral pattern: 1 senders, 1 recipients, KZT532k observed flow; no stronger rule matched."
100000003131693100,terminal,0.919621,4,0.707103,Observed depth 1: KZT353k retained (100%) with 0 recipients; terminal-behavior hypothesis.
100000003132484100,peripheral,0.476223,6,0.400988,"Peripheral pattern: 1 senders, 0 recipients, KZT90k observed flow; no stronger rule matched."
100000003133045100,peripheral,0.35,51,0.35496,"Depth 4 boundary: KZT68k from 1 senders; downstream activity is unobserved, so no terminal conclusion."
100000003134474100,terminal,0.782766,11,0.525555,Observed depth 3: KZT116k retained (100%) with 0 recipients; terminal-behavior hypothesis.
100000003134550100,peripheral,0.35,43,0.376956,"Depth 4 boundary: KZT100k from 1 senders; downstream activity is unobserved, so no terminal conclusion."
100000003134934100,consolidator,0.966002,1,0.750708,"Consolidation signs: 4 senders, KZT379k in, 0 recipients; investigation hypothesis."
100000003134937100,peripheral,0.594213,17,0.342771,"Peripheral pattern: 1 senders, 0 recipients, KZT10k observed flow; no stronger rule matched."
100000003146511100,peripheral,0.35,13,0.236178,"Depth 4 boundary: KZT10k from 1 senders; downstream activity is unobserved, so no terminal conclusion."
100000003147719100,terminal,0.759668,6,0.535565,Observed depth 3: KZT100k retained (100%) with 0 recipients; terminal-behavior hypothesis.
100000003148220100,peripheral,0.345222,53,0.407581,"Peripheral pattern: 1 senders, 2 recipients, KZT49k observed flow; no stronger rule matched."
100000003149149100,terminal,0.881065,11,0.598122,Observed depth 3: KZT245k retained (100%) with 0 recipients; terminal-behavior hypothesis.
100000003152964100,terminal,0.788493,2,0.581059,Observed depth 3: KZT136k retained (96%) with 1 recipients; terminal-behavior hypothesis.
100000003154105100,distributor,0.916571,33,0.738028,"Distribution signs: 7 recipients, KZT338k out in 9 tx; investigation hypothesis."
100000003157333100,peripheral,0.594213,3,0.338157,"Peripheral pattern: 1 senders, 0 recipients, KZT30k observed flow; no stronger rule matched."
100000003157679100,consolidator,0.980689,6,0.753699,"Consolidation signs: 4 senders, KZT541k in, 0 recipients; investigation hypothesis."
100000003158727100,consolidator,0.965186,3,0.74661,"Consolidation signs: 3 senders, KZT368k in, 0 recipients; investigation hypothesis."
100000003159641100,peripheral,0.300247,46,0.599216,"Peripheral pattern: 4 senders, 1 recipients, KZT262k observed flow; no stronger rule matched."
100000003163256100,peripheral,0.402086,17,0.378819,"Peripheral pattern: 1 senders, 1 recipients, KZT28k observed flow; no stronger rule matched."
100000003163886100,terminal,0.952174,32,0.717757,Observed depth 3: KZT500k retained (100%) with 0 recipients; terminal-behavior hypothesis.
100000003164661100,terminal,0.964995,28,0.647447,Observed depth 3: KZT596k retained (100%) with 0 recipients; terminal-behavior hypothesis.
100000003166017100,peripheral,0.35,19,0.237839,"Depth 4 boundary: KZT15k from 1 senders; downstream activity is unobserved, so no terminal conclusion."
100000003166755100,peripheral,0.594213,4,0.382734,"Peripheral pattern: 1 senders, 0 recipients, KZT24k observed flow; no stronger rule matched."
100000003171006100,terminal,0.946899,6,0.71946,Observed depth 3: KZT485k retained (100%) with 0 recipients; terminal-behavior hypothesis.
100000003171587100,peripheral,0.282077,11,0.558446,"Peripheral pattern: 2 senders, 2 recipients, KZT1.1m observed flow; no stronger rule matched."
100000003173783100,peripheral,0.35,34,0.303338,"Depth 4 boundary: KZT24k from 1 senders; downstream activity is unobserved, so no terminal conclusion."
100000003177533100,peripheral,0.35,2,0.298502,"Depth 4 boundary: KZT20k from 1 senders; downstream activity is unobserved, so no terminal conclusion."
100000003178549100,peripheral,0.289255,29,0.546789,"Peripheral pattern: 2 senders, 4 recipients, KZT339k observed flow; no stronger rule matched."
100000003180305100,peripheral,0.35,1,0.405093,"Depth 4 boundary: KZT144k from 1 senders; downstream activity is unobserved, so no terminal conclusion."
100000003180820100,peripheral,0.35,6,0.378856,"Depth 4 boundary: KZT101k from 1 senders; downstream activity is unobserved, so no terminal conclusion."
100000003186579100,peripheral,0.35,2,0.410011,"Depth 4 boundary: KZT110k from 1 senders; downstream activity is unobserved, so no terminal conclusion."
100000003187359100,peripheral,0.594213,23,0.313229,"Peripheral pattern: 1 senders, 0 recipients, KZT19k observed flow; no stronger rule matched."
100000003188607100,peripheral,0.402086,3,0.301805,"Peripheral pattern: 1 senders, 1 recipients, KZT23k observed flow; no stronger rule matched."
100000003190207100,peripheral,0.341969,50,0.549823,"Peripheral pattern: 1 senders, 1 recipients, KZT382k observed flow; no stronger rule matched."
100000003191430100,terminal,0.83546,17,0.611781,Observed depth 2: KZT180k retained (100%) with 0 recipients; terminal-behavior hypothesis.
100000003192220100,peripheral,0.514917,7,0.482442,"Peripheral pattern: 1 senders, 0 recipients, KZT60k observed flow; no stronger rule matched."
100000003192309100,peripheral,0.38459,23,0.40486,"Peripheral pattern: 1 senders, 1 recipients, KZT230k observed flow; no stronger rule matched."
100000003194831100,peripheral,0.35,12,0.143922,"Depth 4 boundary: KZT6k from 1 senders; downstream activity is unobserved, so no terminal conclusion."
100000003199390100,peripheral,0.35,11,0.430492,"Depth 4 boundary: KZT260k from 1 senders; downstream activity is unobserved, so no terminal conclusion."
100000003200071100,peripheral,0.4,62,0.279334,Seed: 1 recipients and KZT30k observed out; incoming flow is incomplete; investigation hypothesis only.
100000003204491100,transit,0.647036,1,0.619952,Pass-through signs: 71% sent onward; 100% outgoing value within 0-2 days; hypothesis only.
100000003205210100,terminal,0.799497,4,0.618043,Observed depth 1: KZT138k retained (100%) with 0 recipients; terminal-behavior hypothesis.
100000003207060100,peripheral,0.35,1,0.349486,"Depth 4 boundary: KZT53k from 1 senders; downstream activity is unobserved, so no terminal conclusion."
100000003213473100,distributor,0.89755,1,0.680735,"Distribution signs: 11 recipients, KZT240k out in 12 tx; investigation hypothesis."
100000003214786100,peripheral,0.35,1,0.231324,"Depth 4 boundary: KZT5k from 1 senders; downstream activity is unobserved, so no terminal conclusion."
100000003215448100,peripheral,0.345222,2,0.506515,"Peripheral pattern: 1 senders, 2 recipients, KZT215k observed flow; no stronger rule matched."
100000003216073100,peripheral,0.402086,2,0.359666,"Peripheral pattern: 1 senders, 1 recipients, KZT107k observed flow; no stronger rule matched."
100000003218308100,peripheral,0.594213,1,0.314372,"Peripheral pattern: 1 senders, 0 recipients, KZT11k observed flow; no stronger rule matched."
100000003219438100,peripheral,0.588941,63,0.437098,"Peripheral pattern: 1 senders, 0 recipients, KZT32k observed flow; no stronger rule matched."
100000003220685100,peripheral,0.279161,11,0.487771,"Depth 4 boundary: KZT1.3m from 1 senders; downstream activity is unobserved, so no terminal conclusion."
100000003221384100,terminal,0.955356,5,0.692218,Observed depth 2: KZT511k retained (100%) with 0 recipients; terminal-behavior hypothesis.
100000003221510100,peripheral,0.345222,1,0.466986,"Peripheral pattern: 1 senders, 2 recipients, KZT144k observed flow; no stronger rule matched."
100000003230328100,peripheral,0.345222,1,0.342284,"Depth 4 boundary: KZT27k from 3 senders; downstream activity is unobserved, so no terminal conclusion."
100000003230329100,peripheral,0.35,6,0.383416,"Depth 4 boundary: KZT110k from 1 senders; downstream activity is unobserved, so no terminal conclusion."
100000003232675100,peripheral,0.35,13,0.348024,"Depth 4 boundary: KZT44k from 1 senders; downstream activity is unobserved, so no terminal conclusion."
100000003235780100,peripheral,0.402086,1,0.460437,"Peripheral pattern: 2 senders, 0 recipients, KZT65k observed flow; no stronger rule matched."
100000003237045100,peripheral,0.321108,17,0.527819,"Peripheral pattern: 1 senders, 1 recipients, KZT490k observed flow; no stronger rule matched."
100000003239379100,peripheral,0.47297,9,0.40914,"Peripheral pattern: 1 senders, 0 recipients, KZT92k observed flow; no stronger rule matched."
100000003239859100,peripheral,0.594213,9,0.309973,"Peripheral pattern: 1 senders, 0 recipients, KZT19k observed flow; no stronger rule matched."
100000003241965100,peripheral,0.594213,19,0.335713,"Peripheral pattern: 1 senders, 0 recipients, KZT15k observed flow; no stronger rule matched."
100000003242289100,coordinator,0.991633,29,0.83106,"Coordination signs: 3 senders, 23 recipients, KZT551k in/KZT2.4m out; structural 0.88."
100000003242795100,terminal,0.776808,11,0.52131,Observed depth 3: KZT111k retained (100%) with 0 recipients; terminal-behavior hypothesis.
100000003246024100,peripheral,0.402086,1,0.509819,"Peripheral pattern: 1 senders, 1 recipients, KZT30k observed flow; no stronger rule matched."
100000003247600100,peripheral,0.35,4,0.36554,"Depth 4 boundary: KZT58k from 1 senders; downstream activity is unobserved, so no terminal conclusion."
100000003249054100,peripheral,0.275348,4,0.50785,"Peripheral pattern: 7 senders, 1 recipients, KZT115k observed flow; no stronger rule matched."
100000003252446100,peripheral,0.35,43,0.382619,"Depth 4 boundary: KZT109k from 1 senders; downstream activity is unobserved, so no terminal conclusion."
100000003254277100,transit,0.789398,1,0.585619,Pass-through signs: 91% sent onward; 100% outgoing value within 0-2 days; hypothesis only.
100000003254723100,terminal,0.891886,4,0.709119,Observed depth 2: KZT270k retained (100%) with 0 recipients; terminal-behavior hypothesis.
100000003265158100,consolidator,0.783847,9,0.776233,"Consolidation signs: 3 senders, KZT146k in, 2 recipients; investigation hypothesis."
100000003265658100,peripheral,0.4,64,0.171052,Seed: 0 recipients and KZT0 observed out; incoming flow is incomplete; investigation hypothesis only.
100000003270419100,terminal,0.812317,13,0.619805,Observed depth 3: KZT150k retained (100%) with 0 recipients; terminal-behavior hypothesis.
100000003271151100,terminal,0.791313,2,0.549669,Observed depth 3: KZT127k retained (100%) with 0 recipients; terminal-behavior hypothesis.
100000003275398100,terminal,0.878336,35,0.586833,Observed depth 2: KZT280k retained (93%) with 1 recipients; terminal-behavior hypothesis.
100000003278020100,terminal,0.842415,1,0.603588,Observed depth 2: KZT190k retained (100%) with 0 recipients; terminal-behavior hypothesis.
100000003284932100,peripheral,0.503253,4,0.496763,"Peripheral pattern: 1 senders, 0 recipients, KZT70k observed flow; no stronger rule matched."
100000003286537100,terminal,0.817365,6,0.606929,Observed depth 3: KZT153k retained (100%) with 0 recipients; terminal-behavior hypothesis.
100000003289281100,peripheral,0.35,1,0.336355,"Depth 4 boundary: KZT40k from 1 senders; downstream activity is unobserved, so no terminal conclusion."
100000003289405100,terminal,0.92044,4,0.591576,Observed depth 2: KZT355k retained (100%) with 0 recipients; terminal-behavior hypothesis.
100000003292191100,terminal,0.778082,36,0.545765,Observed depth 3: KZT112k retained (100%) with 0 recipients; terminal-behavior hypothesis.
100000003292979100,peripheral,0.544078,4,0.47784,"Peripheral pattern: 1 senders, 0 recipients, KZT49k observed flow; no stronger rule matched."
100000003293377100,peripheral,0.538246,11,0.404394,"Peripheral pattern: 1 senders, 0 recipients, KZT50k observed flow; no stronger rule matched."
100000003299365100,transit,0.927666,4,0.763472,Pass-through signs: 100% sent onward; 100% outgoing value within 0-2 days; hypothesis only.
100000003321423100,terminal,0.759668,54,0.593243,Observed depth 2: KZT100k retained (100%) with 0 recipients; terminal-behavior hypothesis.
100000003321895100,peripheral,0.310565,55,0.553484,"Peripheral pattern: 1 senders, 2 recipients, KZT578k observed flow; no stronger rule matched."
100000003336565100,peripheral,0.594213,23,0.292564,"Peripheral pattern: 1 senders, 0 recipients, KZT17k observed flow; no stronger rule matched."
100000003338583100,peripheral,0.594213,35,0.295448,"Peripheral pattern: 1 senders, 0 recipients, KZT22k observed flow; no stronger rule matched."
100000003345947100,peripheral,0.35,2,0.399316,"Depth 4 boundary: KZT80k from 1 senders; downstream activity is unobserved, so no terminal conclusion."
100000003349739100,peripheral,0.4,65,0.171052,Seed: 0 recipients and KZT0 observed out; incoming flow is incomplete; investigation hypothesis only.
100000003360542100,peripheral,0.315612,12,0.605401,"Peripheral pattern: 2 senders, 2 recipients, KZT369k observed flow; no stronger rule matched."
100000003366154100,peripheral,0.315612,4,0.666352,"Peripheral pattern: 1 senders, 3 recipients, KZT414k observed flow; no stronger rule matched."
100000003366471100,terminal,0.890967,2,0.735828,Observed depth 3: KZT310k retained (94%) with 1 recipients; terminal-behavior hypothesis.
100000003370425100,peripheral,0.35,13,0.292037,"Depth 4 boundary: KZT20k from 1 senders; downstream activity is unobserved, so no terminal conclusion."
100000003377795100,peripheral,0.594213,3,0.260694,"Peripheral pattern: 1 senders, 0 recipients, KZT7k observed flow; no stronger rule matched."
100000003390036100,peripheral,0.315612,12,0.615384,"Peripheral pattern: 2 senders, 2 recipients, KZT293k observed flow; no stronger rule matched."
100000003404627100,consolidator,0.990481,43,0.826741,"Consolidation signs: 4 senders, KZT878k in, 0 recipients; investigation hypothesis."
100000003406094100,peripheral,0.315612,17,0.507159,"Peripheral pattern: 1 senders, 3 recipients, KZT117k observed flow; no stronger rule matched."
100000003447411100,peripheral,0.35,2,0.447681,"Depth 4 boundary: KZT302k from 1 senders; downstream activity is unobserved, so no terminal conclusion."
100000003448713100,peripheral,0.35,2,0.418359,"Depth 4 boundary: KZT267k from 1 senders; downstream activity is unobserved, so no terminal conclusion."
100000003449074100,peripheral,0.594213,1,0.339314,"Peripheral pattern: 1 senders, 0 recipients, KZT10k observed flow; no stronger rule matched."
100000003457710100,peripheral,0.271086,11,0.590146,"Peripheral pattern: 1 senders, 1 recipients, KZT1.6m observed flow; no stronger rule matched."
100000003470579100,peripheral,0.347353,15,0.470214,"Depth 4 boundary: KZT357k from 1 senders; downstream activity is unobserved, so no terminal conclusion."
100000003476560100,peripheral,0.538246,4,0.480909,"Peripheral pattern: 1 senders, 0 recipients, KZT50k observed flow; no stronger rule matched."
100000003481025100,peripheral,0.35,1,0.247742,"Depth 4 boundary: KZT9k from 1 senders; downstream activity is unobserved, so no terminal conclusion."
100000003484058100,terminal,0.753436,41,0.562127,Observed depth 3: KZT104k retained (95%) with 1 recipients; terminal-behavior hypothesis.
100000003486846100,peripheral,0.35,17,0.325604,"Depth 4 boundary: KZT27k from 1 senders; downstream activity is unobserved, so no terminal conclusion."
100000003486970100,terminal,0.812317,11,0.54735,Observed depth 3: KZT150k retained (100%) with 0 recipients; terminal-behavior hypothesis.
100000003497735100,terminal,0.788721,44,0.546472,Observed depth 3: KZT125k retained (100%) with 0 recipients; terminal-behavior hypothesis.
100000003500764100,peripheral,0.35,29,0.291483,"Depth 4 boundary: KZT21k from 1 senders; downstream activity is unobserved, so no terminal conclusion."
100000003509750100,coordinator,0.897089,3,0.63603,"Coordination signs: 3 senders, 3 recipients, KZT82k in/KZT78k out; structural 0.67."
100000003528285100,coordinator,0.965204,4,0.791864,"Coordination signs: 4 senders, 4 recipients, KZT119k in/KZT548k out; structural 0.82."
100000003557488100,peripheral,0.296433,37,0.621868,"Peripheral pattern: 1 senders, 2 recipients, KZT803k observed flow; no stronger rule matched."
100000003561031100,peripheral,0.402086,2,0.32887,"Peripheral pattern: 1 senders, 1 recipients, KZT18k observed flow; no stronger rule matched."
100000003567087100,peripheral,0.511328,23,0.393577,"Peripheral pattern: 1 senders, 0 recipients, KZT62k observed flow; no stronger rule matched."
100000003568904100,peripheral,0.35,13,0.34521,"Depth 4 boundary: KZT49k from 1 senders; downstream activity is unobserved, so no terminal conclusion."
100000003574895100,transit,0.582786,1,0.492625,Pass-through signs: 72% sent onward; 100% outgoing value within 0-2 days; hypothesis only.
100000003581109100,peripheral,0.561238,1,0.397324,"Peripheral pattern: 1 senders, 0 recipients, KZT43k observed flow; no stronger rule matched."
100000003582677100,peripheral,0.289255,4,0.451797,"Peripheral pattern: 2 senders, 4 recipients, KZT86k observed flow; no stronger rule matched."
100000003589877100,distributor,0.926081,43,0.824608,"Distribution signs: 6 recipients, KZT416k out in 6 tx; investigation hypothesis."
100000003594472100,peripheral,0.594213,37,0.360921,"Peripheral pattern: 1 senders, 0 recipients, KZT20k observed flow; no stronger rule matched."
100000003603979100,terminal,0.824729,35,0.564387,Observed depth 2: KZT165k retained (100%) with 0 recipients; terminal-behavior hypothesis.
100000003610172100,peripheral,0.502019,11,0.418643,"Peripheral pattern: 1 senders, 0 recipients, KZT70k observed flow; no stronger rule matched."
100000003616818100,coordinator,0.870029,35,0.62906,"Coordination signs: 3 senders, 3 recipients, KZT78k in/KZT240k out; structural 0.61."
100000003617552100,peripheral,0.594213,28,0.356438,"Peripheral pattern: 1 senders, 0 recipients, KZT25k observed flow; no stronger rule matched."
100000003622955100,peripheral,0.35,12,0.310913,"Depth 4 boundary: KZT15k from 1 senders; downstream activity is unobserved, so no terminal conclusion."
100000003626268100,peripheral,0.35,2,0.235703,"Depth 4 boundary: KZT5k from 1 senders; downstream activity is unobserved, so no terminal conclusion."
100000003631015100,peripheral,0.35,66,0.424843,"Depth 4 boundary: KZT266k from 1 senders; downstream activity is unobserved, so no terminal conclusion."
100000003632533100,peripheral,0.35,11,0.248883,"Depth 4 boundary: KZT10k from 1 senders; downstream activity is unobserved, so no terminal conclusion."
100000003635170100,coordinator,1.0,54,0.865141,"Coordination signs: 3 senders, 4 recipients, KZT268k in/KZT254k out; structural 0.91."
100000003635660100,peripheral,0.594213,1,0.350855,"Peripheral pattern: 1 senders, 0 recipients, KZT19k observed flow; no stronger rule matched."
100000003636627100,peripheral,0.402086,3,0.47703,"Peripheral pattern: 1 senders, 1 recipients, KZT87k observed flow; no stronger rule matched."
100000003646145100,peripheral,0.35,42,0.251868,"Depth 4 boundary: KZT5k from 1 senders; downstream activity is unobserved, so no terminal conclusion."
100000003647799100,terminal,0.759668,11,0.5096,Observed depth 3: KZT100k retained (100%) with 0 recipients; terminal-behavior hypothesis.
100000003650146100,peripheral,0.594213,17,0.341847,"Peripheral pattern: 1 senders, 0 recipients, KZT14k observed flow; no stronger rule matched."
100000003664994100,peripheral,0.35,67,0.458404,"Depth 4 boundary: KZT338k from 1 senders; downstream activity is unobserved, so no terminal conclusion."
100000003671721100,peripheral,0.594213,19,0.354618,"Peripheral pattern: 1 senders, 0 recipients, KZT5k observed flow; no stronger rule matched."
100000003677936100,peripheral,0.402086,3,0.481704,"Peripheral pattern: 1 senders, 1 recipients, KZT84k observed flow; no stronger rule matched."
100000003684369100,coordinator,1.0,4,0.885321,"Coordination signs: 24 senders, 62 recipients, KZT3.8m in/KZT8.6m out; structural 0.98. Seed inflow incomplete."
100000003692843100,peripheral,0.316846,55,0.475255,"Depth 4 boundary: KZT510k from 1 senders; downstream activity is unobserved, so no terminal conclusion."
100000003696422100,peripheral,0.35,37,0.420287,"Depth 4 boundary: KZT118k from 1 senders; downstream activity is unobserved, so no terminal conclusion."
100000003701161100,coordinator,1.0,30,0.891185,"Coordination signs: 4 senders, 3 recipients, KZT1.5m in/KZT349k out; structural 0.92."
100000003711830100,peripheral,0.538246,2,0.418184,"Peripheral pattern: 1 senders, 0 recipients, KZT50k observed flow; no stronger rule matched."
100000003713616100,peripheral,0.594213,17,0.362624,"Peripheral pattern: 1 senders, 0 recipients, KZT16k observed flow; no stronger rule matched."
100000003718221100,transit,0.693289,30,0.744473,Pass-through signs: 121% sent onward; 80% outgoing value within 0-2 days; hypothesis only.
100000003718715100,peripheral,0.289704,13,0.492862,"Depth 4 boundary: KZT915k from 1 senders; downstream activity is unobserved, so no terminal conclusion."
100000003724440100,peripheral,0.402086,4,0.440375,"Peripheral pattern: 2 senders, 0 recipients, KZT50k observed flow; no stronger rule matched."
100000003736419100,peripheral,0.402086,1,0.43845,"Peripheral pattern: 1 senders, 1 recipients, KZT33k observed flow; no stronger rule matched."
100000003739818100,peripheral,0.519403,4,0.489288,"Peripheral pattern: 1 senders, 0 recipients, KZT57k observed flow; no stronger rule matched."
100000003741418100,coordinator,0.948661,11,0.704863,"Coordination signs: 9 senders, 3 recipients, KZT152k in/KZT40k out; structural 0.78."
100000003747133100,consolidator,0.812134,58,0.761006,"Consolidation signs: 5 senders, KZT237k in, 2 recipients; investigation hypothesis."
100000003760160100,terminal,0.768489,11,0.515748,Observed depth 3: KZT104k retained (100%) with 0 recipients; terminal-behavior hypothesis.
100000003770083100,peripheral,0.4,68,0.171052,Seed: 0 recipients and KZT0 observed out; incoming flow is incomplete; investigation hypothesis only.
100000003781406100,peripheral,0.554957,9,0.482241,"Peripheral pattern: 1 senders, 0 recipients, KZT45k observed flow; no stronger rule matched."
100000003782913100,peripheral,0.35,41,0.402102,"Depth 4 boundary: KZT200k from 1 senders; downstream activity is unobserved, so no terminal conclusion."
100000003786516100,peripheral,0.35,1,0.207211,"Depth 4 boundary: KZT5k from 1 senders; downstream activity is unobserved, so no terminal conclusion."
100000003792647100,peripheral,0.35,11,0.240629,"Depth 4 boundary: KZT8k from 1 senders; downstream activity is unobserved, so no terminal conclusion."
100000003795588100,terminal,0.930759,1,0.664937,Observed depth 3: KZT400k retained (100%) with 0 recipients; terminal-behavior hypothesis.
100000003796063100,coordinator,0.8,11,0.750192,"Coordination signs: 1 senders, 15 recipients, KZT35k in/KZT959k out; structural 0.94."
100000003798151100,terminal,0.917756,17,0.692062,Observed depth 2: KZT350k retained (100%) with 0 recipients; terminal-behavior hypothesis.
100000003809101100,peripheral,0.315612,12,0.584009,"Peripheral pattern: 2 senders, 2 recipients, KZT221k observed flow; no stronger rule matched."
100000003814002100,peripheral,0.594213,11,0.38038,"Peripheral pattern: 1 senders, 0 recipients, KZT30k observed flow; no stronger rule matched."
100000003819173100,peripheral,0.35,2,0.379321,"Depth 4 boundary: KZT144k from 1 senders; downstream activity is unobserved, so no terminal conclusion."
100000003823811100,peripheral,0.315612,50,0.496212,"Peripheral pattern: 1 senders, 3 recipients, KZT96k observed flow; no stronger rule matched."
100000003824464100,terminal,0.852736,30,0.60989,Observed depth 2: KZT200k retained (100%) with 0 recipients; terminal-behavior hypothesis.
100000003831201100,peripheral,0.565052,1,0.471888,"Peripheral pattern: 1 senders, 0 recipients, KZT40k observed flow; no stronger rule matched."
100000003831324100,terminal,0.904162,3,0.711844,Observed depth 1: KZT300k retained (100%) with 0 recipients; terminal-behavior hypothesis.
100000003832231100,peripheral,0.580978,4,0.461945,"Peripheral pattern: 1 senders, 0 recipients, KZT35k observed flow; no stronger rule matched."
100000003834495100,consolidator,0.917558,1,0.776133,"Consolidation signs: 3 senders, KZT602k in, 1 recipients; investigation hypothesis."
100000003835149100,peripheral,0.252916,22,0.531595,"Peripheral pattern: 1 senders, 2 recipients, KZT4.8m observed flow; no stronger rule matched."
100000003838587100,peripheral,0.35,41,0.243705,"Depth 4 boundary: KZT6k from 1 senders; downstream activity is unobserved, so no terminal conclusion."
100000003843844100,peripheral,0.374495,13,0.490405,"Peripheral pattern: 1 senders, 1 recipients, KZT255k observed flow; no stronger rule matched."
100000003854444100,distributor,0.98487,44,0.857974,"Distribution signs: 14 recipients, KZT2.3m out in 14 tx; investigation hypothesis."
100000003865939100,peripheral,0.489457,69,0.42424,"Peripheral pattern: 1 senders, 0 recipients, KZT81k observed flow; no stronger rule matched."
100000003873332100,peripheral,0.300247,44,0.564103,"Peripheral pattern: 1 senders, 4 recipients, KZT309k observed flow; no stronger rule matched."
100000003877908100,peripheral,0.567407,4,0.468114,"Peripheral pattern: 1 senders, 0 recipients, KZT40k observed flow; no stronger rule matched."
100000003880331100,distributor,0.992219,2,0.816213,"Distribution signs: 16 recipients, KZT3.9m out in 31 tx; investigation hypothesis."
100000003886323100,peripheral,0.345222,17,0.511233,"Peripheral pattern: 2 senders, 1 recipients, KZT86k observed flow; no stronger rule matched."
100000003888197100,peripheral,0.486429,11,0.425148,"Peripheral pattern: 1 senders, 0 recipients, KZT83k observed flow; no stronger rule matched."
100000003888271100,peripheral,0.345222,24,0.349312,"Peripheral pattern: 1 senders, 2 recipients, KZT38k observed flow; no stronger rule matched."
100000003888527100,peripheral,0.594213,67,0.413076,"Peripheral pattern: 1 senders, 0 recipients, KZT30k observed flow; no stronger rule matched."
100000003896956100,peripheral,0.402086,17,0.423605,"Peripheral pattern: 1 senders, 1 recipients, KZT37k observed flow; no stronger rule matched."
100000003899325100,peripheral,0.534881,2,0.420219,"Peripheral pattern: 1 senders, 0 recipients, KZT50k observed flow; no stronger rule matched."
100000003899899100,terminal,0.848553,17,0.723827,Observed depth 3: KZT208k retained (95%) with 1 recipients; terminal-behavior hypothesis.
100000003900547100,peripheral,0.594213,17,0.392558,"Peripheral pattern: 1 senders, 0 recipients, KZT24k observed flow; no stronger rule matched."
100000003904497100,peripheral,0.35,6,0.264654,"Depth 4 boundary: KZT10k from 1 senders; downstream activity is unobserved, so no terminal conclusion."
100000003917461100,peripheral,0.345222,9,0.531129,"Peripheral pattern: 1 senders, 2 recipients, KZT150k observed flow; no stronger rule matched."
100000003920950100,terminal,0.911256,3,0.640795,Observed depth 3: KZT323k retained (100%) with 0 recipients; terminal-behavior hypothesis.
100000003922499100,peripheral,0.538246,9,0.393254,"Peripheral pattern: 1 senders, 0 recipients, KZT50k observed flow; no stronger rule matched."
100000003923946100,peripheral,0.288358,3,0.584472,"Peripheral pattern: 1 senders, 4 recipients, KZT957k observed flow; no stronger rule matched."
100000003927792100,peripheral,0.594213,5,0.341605,"Peripheral pattern: 1 senders, 0 recipients, KZT13k observed flow; no stronger rule matched."
100000003934614100,transit,0.534472,63,0.471039,Pass-through signs: 68% sent onward; 100% outgoing value within 0-2 days; hypothesis only.
100000003942602100,transit,0.854323,23,0.532494,Pass-through signs: 100% sent onward; 100% outgoing value within 0-2 days; hypothesis only.
100000003943247100,peripheral,0.567407,1,0.39488,"Peripheral pattern: 1 senders, 0 recipients, KZT40k observed flow; no stronger rule matched."
100000003943483100,peripheral,0.594213,9,0.3623,"Peripheral pattern: 1 senders, 0 recipients, KZT10k observed flow; no stronger rule matched."
100000003946524100,peripheral,0.315612,4,0.587939,"Peripheral pattern: 2 senders, 2 recipients, KZT279k observed flow; no stronger rule matched."
100000003950749100,peripheral,0.35,17,0.237467,"Depth 4 boundary: KZT7k from 1 senders; downstream activity is unobserved, so no terminal conclusion."
100000003951827100,peripheral,0.345222,1,0.327357,"Peripheral pattern: 1 senders, 2 recipients, KZT26k observed flow; no stronger rule matched."
100000003962994100,peripheral,0.594213,20,0.346417,"Peripheral pattern: 1 senders, 0 recipients, KZT10k observed flow; no stronger rule matched."
100000003964910100,terminal,0.984227,29,0.73746,Observed depth 3: KZT1.0m retained (100%) with 0 recipients; terminal-behavior hypothesis.
100000003968044100,peripheral,0.315612,2,0.507006,"Peripheral pattern: 1 senders, 3 recipients, KZT351k observed flow; no stronger rule matched."
100000003970394100,peripheral,0.483176,9,0.404553,"Peripheral pattern: 1 senders, 0 recipients, KZT85k observed flow; no stronger rule matched."
100000003971049100,peripheral,0.520974,1,0.467138,"Peripheral pattern: 1 senders, 0 recipients, KZT56k observed flow; no stronger rule matched."
100000003975102100,peripheral,0.345222,17,0.511433,Seed: 2 recipients and KZT88k observed out; incoming flow is incomplete; investigation hypothesis only.
100000003977183100,peripheral,0.289255,3,0.522545,Seed: 4 recipients and KZT766k observed out; incoming flow is incomplete; investigation hypothesis only.
100000003980083100,peripheral,0.594213,62,0.383439,"Peripheral pattern: 1 senders, 0 recipients, KZT30k observed flow; no stronger rule matched."
100000003985389100,peripheral,0.334343,2,0.485191,"Depth 4 boundary: KZT423k from 1 senders; downstream activity is unobserved, so no terminal conclusion."
100000003986141100,peripheral,0.594213,29,0.292576,"Peripheral pattern: 1 senders, 0 recipients, KZT5k observed flow; no stronger rule matched."
100000003988112100,transit,0.50115,50,0.571506,Pass-through signs: 70% sent onward; 69% outgoing value within 0-2 days; hypothesis only.
100000003989033100,peripheral,0.344213,12,0.42121,"Depth 4 boundary: KZT373k from 1 senders; downstream activity is unobserved, so no terminal conclusion."
100000003996562100,peripheral,0.594213,1,0.327667,"Peripheral pattern: 1 senders, 0 recipients, KZT8k observed flow; no stronger rule matched."
100000004004621100,peripheral,0.345222,13,0.507526,"Peripheral pattern: 3 senders, 0 recipients, KZT75k observed flow; no stronger rule matched."
100000004005964100,coordinator,0.833304,35,0.613033,"Coordination signs: 3 senders, 3 recipients, KZT98k in/KZT72k out; structural 0.52."
100000004006327100,peripheral,0.35,43,0.479286,"Depth 4 boundary: KZT300k from 1 senders; downstream activity is unobserved, so no terminal conclusion."
100000004007116100,peripheral,0.281404,35,0.527923,Seed: 4 recipients and KZT148k observed out; incoming flow is incomplete; investigation hypothesis only.
100000004007197100,peripheral,0.594213,35,0.247983,"Peripheral pattern: 1 senders, 0 recipients, KZT10k observed flow; no stronger rule matched."
100000004013952100,peripheral,0.35,1,0.240019,"Depth 4 boundary: KZT6k from 1 senders; downstream activity is unobserved, so no terminal conclusion."
100000004015047100,consolidator,0.924766,3,0.858554,"Consolidation signs: 9 senders, KZT919k in, 1 recipients; investigation hypothesis."
100000004017410100,distributor,0.968012,63,0.776347,"Distribution signs: 5 recipients, KZT1.3m out in 11 tx; investigation hypothesis."
100000004019056100,peripheral,0.35,13,0.349626,"Depth 4 boundary: KZT50k from 1 senders; downstream activity is unobserved, so no terminal conclusion."
100000004019124100,peripheral,0.345222,17,0.566964,Seed: 0 recipients and KZT0 observed out; incoming flow is incomplete; investigation hypothesis only.
100000004021459100,peripheral,0.4,70,0.171052,Seed: 0 recipients and KZT0 observed out; incoming flow is incomplete; investigation hypothesis only.
100000004030553100,peripheral,0.35,2,0.301161,"Depth 4 boundary: KZT70k from 1 senders; downstream activity is unobserved, so no terminal conclusion."
100000004035925100,peripheral,0.28275,71,0.482807,"Depth 4 boundary: KZT1.1m from 1 senders; downstream activity is unobserved, so no terminal conclusion."
100000004041163100,peripheral,0.28948,50,0.646516,Seed: 2 recipients and KZT866k observed out; incoming flow is incomplete; investigation hypothesis only.
100000004041294100,peripheral,0.35,14,0.275159,"Depth 4 boundary: KZT18k from 1 senders; downstream activity is unobserved, so no terminal conclusion."
100000004047887100,peripheral,0.35,31,0.277289,"Depth 4 boundary: KZT30k from 1 senders; downstream activity is unobserved, so no terminal conclusion."
100000004049912100,peripheral,0.35,44,0.240008,"Depth 4 boundary: KZT10k from 1 senders; downstream activity is unobserved, so no terminal conclusion."
100000004058740100,peripheral,0.594213,23,0.353791,"Peripheral pattern: 1 senders, 0 recipients, KZT30k observed flow; no stronger rule matched."
100000004064431100,peripheral,0.402086,35,0.366156,"Peripheral pattern: 1 senders, 1 recipients, KZT36k observed flow; no stronger rule matched."
100000004066370100,peripheral,0.35,27,0.318165,"Depth 4 boundary: KZT65k from 1 senders; downstream activity is unobserved, so no terminal conclusion."
100000004066647100,peripheral,0.532974,44,0.418703,"Peripheral pattern: 1 senders, 0 recipients, KZT51k observed flow; no stronger rule matched."
100000004070318100,coordinator,0.960052,1,0.816483,"Coordination signs: 4 senders, 19 recipients, KZT207k in/KZT552k out; structural 0.81."
100000004070530100,peripheral,0.35,31,0.247688,"Depth 4 boundary: KZT20k from 1 senders; downstream activity is unobserved, so no terminal conclusion."
100000004071070100,peripheral,0.345222,1,0.505481,"Peripheral pattern: 2 senders, 1 recipients, KZT47k observed flow; no stronger rule matched."
100000004071080100,consolidator,0.812542,1,0.766831,"Consolidation signs: 9 senders, KZT239k in, 2 recipients; investigation hypothesis."
100000004071444100,peripheral,0.351166,1,0.501353,"Peripheral pattern: 1 senders, 1 recipients, KZT347k observed flow; no stronger rule matched."
100000004076740100,coordinator,1.0,63,0.764602,"Coordination signs: 3 senders, 6 recipients, KZT93k in/KZT125k out; structural 0.92."
100000004077081100,peripheral,0.299125,4,0.600511,"Peripheral pattern: 1 senders, 4 recipients, KZT755k observed flow; no stronger rule matched."
100000004094958100,transit,0.840612,72,0.566366,Pass-through signs: 103% sent onward; 100% outgoing value within 0-2 days; hypothesis only.
100000004096559100,peripheral,0.552153,3,0.380144,"Peripheral pattern: 1 senders, 0 recipients, KZT46k observed flow; no stronger rule matched."
100000004097972100,peripheral,0.345222,1,0.51927,"Peripheral pattern: 1 senders, 2 recipients, KZT129k observed flow; no stronger rule matched."
100000004099450100,peripheral,0.593203,1,0.398552,"Peripheral pattern: 1 senders, 0 recipients, KZT31k observed flow; no stronger rule matched."
100000004105288100,terminal,0.864333,4,0.708111,Observed depth 1: KZT215k retained (100%) with 0 recipients; terminal-behavior hypothesis.
100000004107228100,peripheral,0.35,4,0.199575,"Depth 4 boundary: KZT5k from 1 senders; downstream activity is unobserved, so no terminal conclusion."
100000004114962100,terminal,0.824729,11,0.629369,Observed depth 3: KZT165k retained (100%) with 0 recipients; terminal-behavior hypothesis.
100000004130144100,terminal,0.852736,3,0.546998,Observed depth 1: KZT200k retained (100%) with 0 recipients; terminal-behavior hypothesis.
100000004134060100,peripheral,0.478802,36,0.478713,"Peripheral pattern: 1 senders, 0 recipients, KZT88k observed flow; no stronger rule matched."
100000004135268100,transit,0.747465,59,0.700441,Pass-through signs: 81% sent onward; 85% outgoing value within 0-2 days; hypothesis only.
100000004140487100,distributor,0.901441,4,0.695936,"Distribution signs: 10 recipients, KZT263k out in 19 tx; investigation hypothesis."
100000004140994100,peripheral,0.594213,23,0.279922,"Peripheral pattern: 1 senders, 0 recipients, KZT19k observed flow; no stronger rule matched."
100000004144536100,consolidator,0.925476,35,0.640585,"Consolidation signs: 4 senders, KZT168k in, 0 recipients; investigation hypothesis."
100000004150593100,distributor,0.955043,17,0.819306,"Distribution signs: 11 recipients, KZT871k out in 16 tx; investigation hypothesis."
100000004156082100,coordinator,1.0,5,0.901633,"Coordination signs: 5 senders, 26 recipients, KZT377k in/KZT2.3m out; structural 0.96."
100000004158362100,peripheral,0.594213,1,0.340683,"Peripheral pattern: 1 senders, 0 recipients, KZT12k observed flow; no stronger rule matched."
100000004159526100,coordinator,0.989491,41,0.807988,"Coordination signs: 4 senders, 4 recipients, KZT275k in/KZT68k out; structural 0.88."
100000004160650100,distributor,0.973199,35,0.745693,"Distribution signs: 10 recipients, KZT1.5m out in 40 tx; investigation hypothesis."
100000004167082100,peripheral,0.35,13,0.257342,"Depth 4 boundary: KZT13k from 1 senders; downstream activity is unobserved, so no terminal conclusion."
100000004174835100,peripheral,0.4,73,0.171052,Seed: 0 recipients and KZT0 observed out; incoming flow is incomplete; investigation hypothesis only.
100000004177936100,peripheral,0.35,2,0.241853,"Depth 4 boundary: KZT10k from 1 senders; downstream activity is unobserved, so no terminal conclusion."
100000004180097100,coordinator,1.0,1,0.790478,"Coordination signs: 3 senders, 3 recipients, KZT105k in/KZT48k out; structural 0.91."
100000004183610100,peripheral,0.288807,13,0.552098,"Peripheral pattern: 1 senders, 1 recipients, KZT937k observed flow; no stronger rule matched."
100000004184158100,terminal,0.858875,1,0.59171,Observed depth 3: KZT204k retained (100%) with 0 recipients; terminal-behavior hypothesis.
100000004185681100,peripheral,0.594213,4,0.349406,"Peripheral pattern: 1 senders, 0 recipients, KZT10k observed flow; no stronger rule matched."
100000004186824100,terminal,0.933608,17,0.722864,Observed depth 1: KZT445k retained (98%) with 1 recipients; terminal-behavior hypothesis.
100000004188160100,distributor,0.868588,17,0.718003,"Distribution signs: 5 recipients, KZT134k out in 6 tx; investigation hypothesis."
100000004192107100,peripheral,0.594213,4,0.408472,"Peripheral pattern: 1 senders, 0 recipients, KZT25k observed flow; no stronger rule matched."
100000004192865100,peripheral,0.50572,28,0.407075,"Peripheral pattern: 1 senders, 0 recipients, KZT67k observed flow; no stronger rule matched."
100000004193835100,peripheral,0.4,17,0.47161,Seed: 1 recipients and KZT5k observed out; incoming flow is incomplete; investigation hypothesis only.
100000004200745100,peripheral,0.35,9,0.453126,"Depth 4 boundary: KZT130k from 1 senders; downstream activity is unobserved, so no terminal conclusion."
100000004206046100,peripheral,0.594213,17,0.344813,"Peripheral pattern: 1 senders, 0 recipients, KZT11k observed flow; no stronger rule matched."
100000004209339100,peripheral,0.343428,54,0.600054,"Peripheral pattern: 1 senders, 2 recipients, KZT377k observed flow; no stronger rule matched."
100000004213658100,peripheral,0.594213,23,0.339706,"Peripheral pattern: 1 senders, 0 recipients, KZT25k observed flow; no stronger rule matched."
100000004217419100,terminal,0.758305,2,0.666891,Observed depth 3: KZT110k retained (93%) with 1 recipients; terminal-behavior hypothesis.
100000004218576100,peripheral,0.594213,23,0.341578,"Peripheral pattern: 1 senders, 0 recipients, KZT26k observed flow; no stronger rule matched."
100000004221668100,coordinator,0.908593,49,0.745044,"Coordination signs: 4 senders, 3 recipients, KZT1.1m in/KZT731k out; structural 0.69."
100000004222274100,peripheral,0.35,1,0.273305,"Depth 4 boundary: KZT16k from 1 senders; downstream activity is unobserved, so no terminal conclusion."
100000004225615100,peripheral,0.476223,6,0.403694,"Peripheral pattern: 1 senders, 0 recipients, KZT90k observed flow; no stronger rule matched."
100000004226848100,terminal,0.906162,4,0.69627,Observed depth 1: KZT302k retained (100%) with 0 recipients; terminal-behavior hypothesis.
100000004232712100,peripheral,0.35,11,0.261135,"Depth 4 boundary: KZT12k from 1 senders; downstream activity is unobserved, so no terminal conclusion."
100000004235471100,peripheral,0.35,11,0.409488,"Depth 4 boundary: KZT180k from 1 senders; downstream activity is unobserved, so no terminal conclusion."
100000004241142100,peripheral,0.35,1,0.309434,"Depth 4 boundary: KZT27k from 1 senders; downstream activity is unobserved, so no terminal conclusion."
100000004254434100,peripheral,0.55821,23,0.390092,"Peripheral pattern: 1 senders, 0 recipients, KZT44k observed flow; no stronger rule matched."
100000004257714100,peripheral,0.529946,23,0.352974,"Peripheral pattern: 1 senders, 0 recipients, KZT52k observed flow; no stronger rule matched."
100000004260869100,peripheral,0.35,17,0.259696,"Depth 4 boundary: KZT10k from 1 senders; downstream activity is unobserved, so no terminal conclusion."
100000004261340100,peripheral,0.35,1,0.360045,"Depth 4 boundary: KZT48k from 1 senders; downstream activity is unobserved, so no terminal conclusion."
100000004263867100,peripheral,0.35,47,0.148758,"Depth 4 boundary: KZT9k from 1 senders; downstream activity is unobserved, so no terminal conclusion."
100000004265639100,peripheral,0.35,2,0.255352,"Depth 4 boundary: KZT10k from 1 senders; downstream activity is unobserved, so no terminal conclusion."
100000004268036100,peripheral,0.35,47,0.136516,"Depth 4 boundary: KZT6k from 1 senders; downstream activity is unobserved, so no terminal conclusion."
100000004269433100,peripheral,0.276918,5,0.457551,Seed: 1 recipients and KZT1.4m observed out; incoming flow is incomplete; investigation hypothesis only.
100000004272302100,peripheral,0.35,58,0.214389,"Depth 4 boundary: KZT10k from 1 senders; downstream activity is unobserved, so no terminal conclusion."
100000004278574100,peripheral,0.402086,11,0.369907,"Peripheral pattern: 1 senders, 1 recipients, KZT38k observed flow; no stronger rule matched."
100000004285800100,peripheral,0.402086,1,0.39471,"Peripheral pattern: 1 senders, 1 recipients, KZT20k observed flow; no stronger rule matched."
100000004286573100,peripheral,0.594213,9,0.301726,"Peripheral pattern: 1 senders, 0 recipients, KZT17k observed flow; no stronger rule matched."
100000004291560100,peripheral,0.547555,1,0.402902,"Peripheral pattern: 1 senders, 0 recipients, KZT47k observed flow; no stronger rule matched."
100000004291663100,peripheral,0.35,1,0.285356,"Depth 4 boundary: KZT25k from 1 senders; downstream activity is unobserved, so no terminal conclusion."
100000004292885100,terminal,0.778582,23,0.47123,Observed depth 3: KZT113k retained (100%) with 0 recipients; terminal-behavior hypothesis.
100000004299488100,consolidator,0.863403,1,0.835967,"Consolidation signs: 6 senders, KZT1.7m in, 2 recipients; investigation hypothesis."
100000004315838100,peripheral,0.345222,4,0.490241,"Peripheral pattern: 2 senders, 1 recipients, KZT68k observed flow; no stronger rule matched."
100000004318918100,peripheral,0.495177,12,0.475773,"Peripheral pattern: 1 senders, 0 recipients, KZT76k observed flow; no stronger rule matched."
100000004321983100,peripheral,0.345222,49,0.339655,"Peripheral pattern: 1 senders, 2 recipients, KZT47k observed flow; no stronger rule matched."
100000004325327100,transit,0.877225,1,0.696058,Pass-through signs: 99% sent onward; 100% outgoing value within 0-2 days; hypothesis only.
100000004326224100,peripheral,0.35,11,0.361453,"Depth 4 boundary: KZT60k from 1 senders; downstream activity is unobserved, so no terminal conclusion."
100000004330371100,peripheral,0.315612,17,0.649734,"Peripheral pattern: 2 senders, 2 recipients, KZT355k observed flow; no stronger rule matched."
100000004331458100,terminal,0.883474,72,0.618787,Observed depth 2: KZT250k retained (100%) with 0 recipients; terminal-behavior hypothesis.
100000004336228100,peripheral,0.531741,2,0.437388,"Peripheral pattern: 1 senders, 0 recipients, KZT51k observed flow; no stronger rule matched."
100000004336312100,transit,0.544174,63,0.599226,Pass-through signs: 80% sent onward; 52% outgoing value within 0-2 days; hypothesis only.
100000004340038100,peripheral,0.402086,13,0.411706,"Peripheral pattern: 1 senders, 1 recipients, KZT59k observed flow; no stronger rule matched."
100000004350094100,peripheral,0.35,44,0.294489,"Depth 4 boundary: KZT20k from 1 senders; downstream activity is unobserved, so no terminal conclusion."
100000004351795100,coordinator,0.959566,1,0.829727,"Coordination signs: 3 senders, 14 recipients, KZT118k in/KZT1.7m out; structural 0.81."
100000004356593100,peripheral,0.402086,4,0.434803,"Peripheral pattern: 1 senders, 1 recipients, KZT60k observed flow; no stronger rule matched."
100000004358004100,distributor,0.958934,4,0.649329,"Distribution signs: 11 recipients, KZT981k out in 17 tx; investigation hypothesis. Seed inflow incomplete."
100000004360785100,peripheral,0.46983,17,0.472442,"Peripheral pattern: 1 senders, 0 recipients, KZT95k observed flow; no stronger rule matched."
100000004368189100,peripheral,0.335689,25,0.510033,"Peripheral pattern: 1 senders, 2 recipients, KZT413k observed flow; no stronger rule matched."
100000004377043100,peripheral,0.35,16,0.23217,"Depth 4 boundary: KZT6k from 1 senders; downstream activity is unobserved, so no terminal conclusion."
100000004379306100,peripheral,0.35,2,0.269402,"Depth 4 boundary: KZT15k from 1 senders; downstream activity is unobserved, so no terminal conclusion."
100000004386258100,coordinator,0.971201,9,0.747326,"Coordination signs: 3 senders, 3 recipients, KZT62k in/KZT40k out; structural 0.84."
100000004386286100,peripheral,0.35,9,0.287789,"Depth 4 boundary: KZT12k from 1 senders; downstream activity is unobserved, so no terminal conclusion."
100000004386331100,peripheral,0.345222,9,0.431517,"Peripheral pattern: 1 senders, 2 recipients, KZT38k observed flow; no stronger rule matched."
100000004388209100,peripheral,0.594213,23,0.281361,"Peripheral pattern: 1 senders, 0 recipients, KZT12k observed flow; no stronger rule matched."
100000004388353100,peripheral,0.402086,12,0.490888,"Peripheral pattern: 2 senders, 0 recipients, KZT63k observed flow; no stronger rule matched."
100000004388983100,peripheral,0.328062,74,0.458751,Seed: 2 recipients and KZT451k observed out; incoming flow is incomplete; investigation hypothesis only.
100000004390333100,distributor,0.935591,1,0.767503,"Distribution signs: 9 recipients, KZT506k out in 14 tx; investigation hypothesis."
100000004394765100,consolidator,0.851028,17,0.77246,"Consolidation signs: 3 senders, KZT604k in, 2 recipients; investigation hypothesis."
100000004398811100,peripheral,0.274226,4,0.515005,"Peripheral pattern: 1 senders, 3 recipients, KZT1.5m observed flow; no stronger rule matched."
100000004399686100,terminal,0.977724,22,0.651582,Observed depth 3: KZT806k retained (100%) with 0 recipients; terminal-behavior hypothesis.
100000004400305100,coordinator,0.990365,1,0.86983,"Coordination signs: 7 senders, 82 recipients, KZT223k in/KZT5.8m out; structural 0.88."
100000004400361100,peripheral,0.594213,17,0.324112,"Peripheral pattern: 1 senders, 0 recipients, KZT10k observed flow; no stronger rule matched."
100000004400480100,peripheral,0.35,25,0.235716,"Depth 4 boundary: KZT22k from 1 senders; downstream activity is unobserved, so no terminal conclusion."
100000004403548100,peripheral,0.35,2,0.228347,"Depth 4 boundary: KZT5k from 1 senders; downstream activity is unobserved, so no terminal conclusion."
100000004403641100,peripheral,0.35,25,0.406781,"Depth 4 boundary: KZT172k from 1 senders; downstream activity is unobserved, so no terminal conclusion."
100000004403675100,coordinator,1.0,50,0.823698,"Coordination signs: 4 senders, 5 recipients, KZT183k in/KZT265k out; structural 0.95."
100000004407753100,peripheral,0.350157,16,0.586841,"Peripheral pattern: 1 senders, 1 recipients, KZT350k observed flow; no stronger rule matched."
100000004408683100,terminal,0.779218,17,0.620911,Observed depth 1: KZT113k retained (100%) with 0 recipients; terminal-behavior hypothesis.
100000004410489100,peripheral,0.524787,4,0.448164,"Peripheral pattern: 1 senders, 0 recipients, KZT54k observed flow; no stronger rule matched."
100000004417753100,terminal,0.844507,4,0.631191,Observed depth 3: KZT192k retained (100%) with 0 recipients; terminal-behavior hypothesis.
100000004418967100,peripheral,0.35,43,0.397344,"Depth 4 boundary: KZT100k from 1 senders; downstream activity is unobserved, so no terminal conclusion."
100000004420041100,distributor,0.946398,9,0.734324,"Distribution signs: 7 recipients, KZT652k out in 11 tx; investigation hypothesis."
100000004424023100,peripheral,0.402086,3,0.542682,"Peripheral pattern: 1 senders, 1 recipients, KZT150k observed flow; no stronger rule matched."
100000004433250100,peripheral,0.35,1,0.227037,"Depth 4 boundary: KZT8k from 1 senders; downstream activity is unobserved, so no terminal conclusion."
100000004435304100,peripheral,0.594213,23,0.332929,"Peripheral pattern: 1 senders, 0 recipients, KZT26k observed flow; no stronger rule matched."
100000004441291100,peripheral,0.594213,4,0.438138,"Peripheral pattern: 1 senders, 0 recipients, KZT20k observed flow; no stronger rule matched."
100000004445291100,peripheral,0.594213,14,0.386798,"Peripheral pattern: 1 senders, 0 recipients, KZT20k observed flow; no stronger rule matched."
100000004449824100,peripheral,0.35,47,0.148758,"Depth 4 boundary: KZT9k from 1 senders; downstream activity is unobserved, so no terminal conclusion."
100000004450649100,peripheral,0.315612,11,0.519862,"Peripheral pattern: 2 senders, 2 recipients, KZT239k observed flow; no stronger rule matched."
100000004451012100,peripheral,0.315612,44,0.484204,"Peripheral pattern: 1 senders, 3 recipients, KZT157k observed flow; no stronger rule matched."
100000004456564100,peripheral,0.594213,41,0.385197,"Peripheral pattern: 1 senders, 0 recipients, KZT10k observed flow; no stronger rule matched."
100000004463277100,peripheral,0.580978,28,0.382418,"Peripheral pattern: 1 senders, 0 recipients, KZT35k observed flow; no stronger rule matched."
100000004467157100,peripheral,0.402086,63,0.395815,"Peripheral pattern: 1 senders, 1 recipients, KZT27k observed flow; no stronger rule matched."
100000004472936100,peripheral,0.35,13,0.23596,"Depth 4 boundary: KZT5k from 1 senders; downstream activity is unobserved, so no terminal conclusion."
100000004475818100,peripheral,0.315612,11,0.489571,"Peripheral pattern: 1 senders, 3 recipients, KZT67k observed flow; no stronger rule matched."
100000004479404100,peripheral,0.269067,52,0.612964,"Peripheral pattern: 2 senders, 1 recipients, KZT1.8m observed flow; no stronger rule matched."
100000004480280100,peripheral,0.331427,4,0.618343,"Peripheral pattern: 1 senders, 2 recipients, KZT443k observed flow; no stronger rule matched."
100000004486525100,consolidator,0.831173,1,0.769485,"Consolidation signs: 8 senders, KZT361k in, 2 recipients; investigation hypothesis."
100000004488265100,peripheral,0.571445,2,0.403648,"Peripheral pattern: 1 senders, 0 recipients, KZT39k observed flow; no stronger rule matched."
100000004491749100,peripheral,0.538246,3,0.368314,"Peripheral pattern: 1 senders, 0 recipients, KZT50k observed flow; no stronger rule matched."
100000004491881100,peripheral,0.594213,23,0.304879,"Peripheral pattern: 1 senders, 0 recipients, KZT17k observed flow; no stronger rule matched."
100000004493586100,peripheral,0.594213,1,0.303062,"Peripheral pattern: 1 senders, 0 recipients, KZT8k observed flow; no stronger rule matched."
100000004494983100,peripheral,0.580978,23,0.362869,"Peripheral pattern: 1 senders, 0 recipients, KZT35k observed flow; no stronger rule matched."
100000004497606100,peripheral,0.594213,23,0.297856,"Peripheral pattern: 1 senders, 0 recipients, KZT16k observed flow; no stronger rule matched."
100000004500444100,peripheral,0.345222,41,0.590706,"Peripheral pattern: 2 senders, 1 recipients, KZT254k observed flow; no stronger rule matched."
100000004500781100,peripheral,0.35,41,0.402448,"Depth 4 boundary: KZT74k from 1 senders; downstream activity is unobserved, so no terminal conclusion."
100000004502048100,peripheral,0.35,44,0.253972,"Depth 4 boundary: KZT14k from 1 senders; downstream activity is unobserved, so no terminal conclusion."
100000004508696100,peripheral,0.315612,20,0.558839,"Peripheral pattern: 1 senders, 3 recipients, KZT118k observed flow; no stronger rule matched."
100000004509286100,peripheral,0.567407,4,0.468114,"Peripheral pattern: 1 senders, 0 recipients, KZT40k observed flow; no stronger rule matched."
100000004526651100,peripheral,0.35,6,0.299481,"Depth 4 boundary: KZT33k from 1 senders; downstream activity is unobserved, so no terminal conclusion."
100000004527381100,peripheral,0.340399,5,0.625634,"Peripheral pattern: 1 senders, 1 recipients, KZT393k observed flow; no stronger rule matched."
100000004539443100,peripheral,0.402086,4,0.50034,"Peripheral pattern: 2 senders, 0 recipients, KZT62k observed flow; no stronger rule matched."
100000004544958100,peripheral,0.345222,12,0.568651,"Peripheral pattern: 1 senders, 2 recipients, KZT191k observed flow; no stronger rule matched."
100000004549591100,peripheral,0.35,20,0.341847,"Depth 4 boundary: KZT49k from 1 senders; downstream activity is unobserved, so no terminal conclusion."
100000004552204100,peripheral,0.345222,42,0.429018,"Peripheral pattern: 1 senders, 2 recipients, KZT32k observed flow; no stronger rule matched."
100000004553349100,peripheral,0.594213,11,0.317718,"Peripheral pattern: 1 senders, 0 recipients, KZT8k observed flow; no stronger rule matched."
100000004559194100,terminal,0.898161,17,0.679537,Observed depth 1: KZT282k retained (100%) with 0 recipients; terminal-behavior hypothesis.
100000004564736100,peripheral,0.594213,30,0.376745,"Peripheral pattern: 1 senders, 0 recipients, KZT15k observed flow; no stronger rule matched."
100000004569484100,peripheral,0.289255,19,0.534116,"Peripheral pattern: 2 senders, 4 recipients, KZT254k observed flow; no stronger rule matched."
100000004569637100,peripheral,0.35,2,0.242097,"Depth 4 boundary: KZT6k from 1 senders; downstream activity is unobserved, so no terminal conclusion."
100000004571634100,peripheral,0.35,12,0.291036,"Depth 4 boundary: KZT20k from 1 senders; downstream activity is unobserved, so no terminal conclusion."
100000004573782100,peripheral,0.594213,3,0.298231,"Peripheral pattern: 1 senders, 0 recipients, KZT15k observed flow; no stronger rule matched."
100000004580202100,peripheral,0.315612,30,0.468642,"Peripheral pattern: 1 senders, 3 recipients, KZT54k observed flow; no stronger rule matched."
100000004580254100,peripheral,0.402086,29,0.383775,"Peripheral pattern: 2 senders, 0 recipients, KZT28k observed flow; no stronger rule matched."
100000004584730100,peripheral,0.35,52,0.322308,"Depth 4 boundary: KZT47k from 1 senders; downstream activity is unobserved, so no terminal conclusion."
100000004586598100,peripheral,0.298677,26,0.491062,"Depth 4 boundary: KZT761k from 1 senders; downstream activity is unobserved, so no terminal conclusion."
100000004587414100,terminal,0.958266,11,0.701237,Observed depth 3: KZT534k retained (100%) with 0 recipients; terminal-behavior hypothesis.
100000004588479100,terminal,0.834324,17,0.622938,Observed depth 1: KZT178k retained (100%) with 0 recipients; terminal-behavior hypothesis.
100000004591973100,peripheral,0.402086,9,0.509207,"Peripheral pattern: 1 senders, 1 recipients, KZT110k observed flow; no stronger rule matched."
100000004592467100,peripheral,0.594213,4,0.2468,"Peripheral pattern: 1 senders, 0 recipients, KZT7k observed flow; no stronger rule matched."
100000004596284100,peripheral,0.35,17,0.319233,"Depth 4 boundary: KZT30k from 1 senders; downstream activity is unobserved, so no terminal conclusion."
100000004601193100,peripheral,0.35,12,0.413954,"Depth 4 boundary: KZT84k from 1 senders; downstream activity is unobserved, so no terminal conclusion."
100000004603109100,consolidator,0.865851,22,0.734275,"Consolidation signs: 3 senders, KZT2.7m in, 2 recipients; investigation hypothesis."
100000004610802100,peripheral,0.35,57,0.464945,"Depth 4 boundary: KZT241k from 1 senders; downstream activity is unobserved, so no terminal conclusion."
100000004611571100,peripheral,0.594213,1,0.356271,"Peripheral pattern: 1 senders, 0 recipients, KZT23k observed flow; no stronger rule matched."
100000004613582100,peripheral,0.402086,3,0.271147,"Peripheral pattern: 1 senders, 1 recipients, KZT14k observed flow; no stronger rule matched."
100000004616845100,peripheral,0.35,45,0.271032,"Depth 4 boundary: KZT20k from 1 senders; downstream activity is unobserved, so no terminal conclusion."
100000004622227100,peripheral,0.315612,1,0.391957,"Peripheral pattern: 1 senders, 3 recipients, KZT44k observed flow; no stronger rule matched."
100000004629688100,peripheral,0.402086,5,0.356281,"Peripheral pattern: 1 senders, 1 recipients, KZT20k observed flow; no stronger rule matched."
100000004634420100,peripheral,0.594213,23,0.309873,"Peripheral pattern: 1 senders, 0 recipients, KZT26k observed flow; no stronger rule matched."
100000004635886100,peripheral,0.594213,17,0.367867,"Peripheral pattern: 1 senders, 0 recipients, KZT23k observed flow; no stronger rule matched."
100000004644615100,peripheral,0.332997,12,0.47168,"Peripheral pattern: 1 senders, 2 recipients, KZT430k observed flow; no stronger rule matched."
100000004652395100,peripheral,0.345222,1,0.428386,"Depth 4 boundary: KZT102k from 3 senders; downstream activity is unobserved, so no terminal conclusion."
100000004655046100,peripheral,0.35,19,0.323953,"Depth 4 boundary: KZT24k from 1 senders; downstream activity is unobserved, so no terminal conclusion."
100000004657034100,terminal,0.805452,11,0.541648,Observed depth 3: KZT141k retained (100%) with 0 recipients; terminal-behavior hypothesis.
100000004659919100,peripheral,0.402086,48,0.548131,"Peripheral pattern: 1 senders, 1 recipients, KZT149k observed flow; no stronger rule matched."
100000004662806100,transit,0.487638,9,0.636885,Pass-through signs: 56% sent onward; 100% outgoing value within 0-2 days; hypothesis only.
100000004664515100,peripheral,0.573239,1,0.431737,"Peripheral pattern: 1 senders, 0 recipients, KZT38k observed flow; no stronger rule matched."
100000004664905100,terminal,0.913075,17,0.715155,Observed depth 1: KZT329k retained (100%) with 0 recipients; terminal-behavior hypothesis.
100000004666651100,terminal,0.93444,75,0.710398,Observed depth 2: KZT429k retained (100%) with 0 recipients; terminal-behavior hypothesis.
100000004670388100,peripheral,0.291947,8,0.593726,"Peripheral pattern: 1 senders, 2 recipients, KZT880k observed flow; no stronger rule matched."
100000004671609100,terminal,0.759668,25,0.545584,Observed depth 3: KZT100k retained (100%) with 0 recipients; terminal-behavior hypothesis.
100000004673335100,peripheral,0.35,34,0.371491,"Depth 4 boundary: KZT80k from 1 senders; downstream activity is unobserved, so no terminal conclusion."
100000004674178100,peripheral,0.35,14,0.266698,"Depth 4 boundary: KZT20k from 1 senders; downstream activity is unobserved, so no terminal conclusion."
100000004674389100,peripheral,0.35,12,0.271063,"Depth 4 boundary: KZT15k from 1 senders; downstream activity is unobserved, so no terminal conclusion."
100000004674412100,peripheral,0.35,12,0.349551,"Depth 4 boundary: KZT46k from 1 senders; downstream activity is unobserved, so no terminal conclusion."
100000004674799100,terminal,0.802907,1,0.621243,Observed depth 2: KZT140k retained (100%) with 0 recipients; terminal-behavior hypothesis.
100000004676985100,peripheral,0.402086,1,0.398372,"Peripheral pattern: 1 senders, 1 recipients, KZT59k observed flow; no stronger rule matched."
100000004677680100,peripheral,0.345222,12,0.640642,"Peripheral pattern: 2 senders, 1 recipients, KZT231k observed flow; no stronger rule matched."
100000004679953100,coordinator,0.953274,2,0.793504,"Coordination signs: 3 senders, 3 recipients, KZT344k in/KZT34k out; structural 0.79."
100000004687099100,peripheral,0.594213,3,0.357891,"Peripheral pattern: 1 senders, 0 recipients, KZT30k observed flow; no stronger rule matched."
100000004687282100,peripheral,0.594213,17,0.391186,"Peripheral pattern: 1 senders, 0 recipients, KZT20k observed flow; no stronger rule matched."
100000004689658100,terminal,0.935047,2,0.683697,Observed depth 3: KZT449k retained (98%) with 1 recipients; terminal-behavior hypothesis.
100000004691350100,peripheral,0.35,8,0.27091,"Depth 4 boundary: KZT13k from 1 senders; downstream activity is unobserved, so no terminal conclusion."
100000004692798100,terminal,0.853055,9,0.680207,Observed depth 1: KZT225k retained (94%) with 1 recipients; terminal-behavior hypothesis.
100000004697956100,peripheral,0.402086,3,0.279845,"Peripheral pattern: 1 senders, 1 recipients, KZT20k observed flow; no stronger rule matched."
100000004698193100,peripheral,0.300247,3,0.493879,"Peripheral pattern: 2 senders, 3 recipients, KZT261k observed flow; no stronger rule matched."
100000004707703100,distributor,0.895821,17,0.80662,"Distribution signs: 5 recipients, KZT232k out in 6 tx; investigation hypothesis."
100000004713684100,peripheral,0.573912,1,0.392394,"Peripheral pattern: 1 senders, 0 recipients, KZT38k observed flow; no stronger rule matched."
100000004714705100,peripheral,0.4,50,0.291205,Seed: 1 recipients and KZT37k observed out; incoming flow is incomplete; investigation hypothesis only.
100000004715209100,distributor,0.920461,51,0.693369,"Distribution signs: 5 recipients, KZT350k out in 17 tx; investigation hypothesis."
100000004717647100,distributor,0.983141,52,0.78927,"Distribution signs: 5 recipients, KZT2.2m out in 10 tx; investigation hypothesis."
100000004722630100,peripheral,0.35,8,0.462911,"Depth 4 boundary: KZT340k from 1 senders; downstream activity is unobserved, so no terminal conclusion."
100000004722765100,peripheral,0.26144,58,0.603079,"Peripheral pattern: 1 senders, 3 recipients, KZT2.5m observed flow; no stronger rule matched."
100000004723755100,peripheral,0.4,4,0.376536,Seed: 1 recipients and KZT95k observed out; incoming flow is incomplete; investigation hypothesis only.
100000004726132100,terminal,0.892803,1,0.657501,Observed depth 3: KZT325k retained (93%) with 1 recipients; terminal-behavior hypothesis.
100000004732589100,terminal,0.869425,12,0.560972,Observed depth 2: KZT228k retained (100%) with 0 recipients; terminal-behavior hypothesis.
100000004737477100,peripheral,0.345222,1,0.486549,"Peripheral pattern: 2 senders, 1 recipients, KZT90k observed flow; no stronger rule matched."
100000004737764100,terminal,0.966132,4,0.693604,Observed depth 3: KZT600k retained (100%) with 0 recipients; terminal-behavior hypothesis.
100000004739664100,peripheral,0.402086,23,0.288433,"Peripheral pattern: 1 senders, 1 recipients, KZT22k observed flow; no stronger rule matched."
100000004741837100,peripheral,0.594213,17,0.401227,"Peripheral pattern: 1 senders, 0 recipients, KZT26k observed flow; no stronger rule matched."
100000004744306100,peripheral,0.345222,50,0.545371,"Peripheral pattern: 1 senders, 2 recipients, KZT161k observed flow; no stronger rule matched."
100000004746397100,terminal,0.853626,11,0.638736,Observed depth 3: KZT212k retained (97%) with 1 recipients; terminal-behavior hypothesis.
100000004747154100,peripheral,0.35,51,0.354405,"Depth 4 boundary: KZT67k from 1 senders; downstream activity is unobserved, so no terminal conclusion."
100000004750321100,peripheral,0.402086,19,0.429401,"Peripheral pattern: 2 senders, 0 recipients, KZT50k observed flow; no stronger rule matched."
100000004750897100,peripheral,0.594213,5,0.346721,"Peripheral pattern: 1 senders, 0 recipients, KZT10k observed flow; no stronger rule matched."
100000004756901100,terminal,0.817865,17,0.581725,Observed depth 2: KZT153k retained (100%) with 0 recipients; terminal-behavior hypothesis.
100000004759121100,consolidator,0.853203,1,0.801894,"Consolidation signs: 6 senders, KZT710k in, 2 recipients; investigation hypothesis."
100000004765639100,peripheral,0.345222,1,0.380128,"Peripheral pattern: 1 senders, 2 recipients, KZT16k observed flow; no stronger rule matched."
100000004770073100,transit,0.805503,1,0.460828,Pass-through signs: 100% sent onward; 100% outgoing value within 0-2 days; hypothesis only.
100000004777215100,peripheral,0.35,33,0.35788,"Depth 4 boundary: KZT60k from 1 senders; downstream activity is unobserved, so no terminal conclusion."
100000004779204100,transit,0.355326,1,0.417055,Pass-through signs: 66% sent onward; 50% outgoing value within 0-2 days; hypothesis only.
100000004780083100,peripheral,0.35,57,0.220886,"Depth 4 boundary: KZT10k from 1 senders; downstream activity is unobserved, so no terminal conclusion."
100000004780327100,peripheral,0.35,47,0.163452,"Depth 4 boundary: KZT12k from 1 senders; downstream activity is unobserved, so no terminal conclusion."
100000004783447100,peripheral,0.594213,23,0.343227,"Peripheral pattern: 1 senders, 0 recipients, KZT26k observed flow; no stronger rule matched."
100000004784224100,peripheral,0.402086,22,0.421677,"Peripheral pattern: 1 senders, 1 recipients, KZT124k observed flow; no stronger rule matched."
100000004788983100,peripheral,0.35,1,0.301761,"Depth 4 boundary: KZT27k from 1 senders; downstream activity is unobserved, so no terminal conclusion."
100000004790991100,terminal,0.878519,17,0.662207,Observed depth 1: KZT239k retained (100%) with 0 recipients; terminal-behavior hypothesis.
100000004791226100,peripheral,0.35,1,0.288744,"Depth 4 boundary: KZT20k from 1 senders; downstream activity is unobserved, so no terminal conclusion."
100000004792397100,peripheral,0.497645,23,0.400598,"Peripheral pattern: 1 senders, 0 recipients, KZT74k observed flow; no stronger rule matched."
100000004797167100,peripheral,0.35,2,0.254467,"Depth 4 boundary: KZT31k from 1 senders; downstream activity is unobserved, so no terminal conclusion."
100000004798515100,peripheral,0.35,9,0.433511,"Depth 4 boundary: KZT200k from 1 senders; downstream activity is unobserved, so no terminal conclusion."
100000004800452100,peripheral,0.35,11,0.246952,"Depth 4 boundary: KZT7k from 1 senders; downstream activity is unobserved, so no terminal conclusion."
100000004800648100,peripheral,0.35,9,0.391063,"Depth 4 boundary: KZT131k from 1 senders; downstream activity is unobserved, so no terminal conclusion."
100000004806903100,peripheral,0.594213,4,0.429879,"Peripheral pattern: 1 senders, 0 recipients, KZT18k observed flow; no stronger rule matched."
100000004813068100,peripheral,0.345222,22,0.442121,Seed: 3 recipients and KZT297k observed out; incoming flow is incomplete; investigation hypothesis only.
100000004816564100,terminal,0.892905,5,0.73031,Observed depth 2: KZT280k retained (98%) with 1 recipients; terminal-behavior hypothesis.
100000004820260100,transit,0.856669,5,0.769835,Pass-through signs: 92% sent onward; 100% outgoing value within 0-2 days; hypothesis only.
100000004825069100,peripheral,0.594213,23,0.368707,"Peripheral pattern: 1 senders, 0 recipients, KZT30k observed flow; no stronger rule matched."
100000004840086100,peripheral,0.35,1,0.407101,"Depth 4 boundary: KZT100k from 1 senders; downstream activity is unobserved, so no terminal conclusion."
100000004841728100,peripheral,0.53017,23,0.385363,"Peripheral pattern: 1 senders, 0 recipients, KZT52k observed flow; no stronger rule matched."
100000004847758100,coordinator,0.946271,4,0.787786,"Coordination signs: 4 senders, 15 recipients, KZT115k in/KZT489k out; structural 0.78."
100000004848236100,peripheral,0.35,1,0.226908,"Depth 4 boundary: KZT8k from 1 senders; downstream activity is unobserved, so no terminal conclusion."
100000004850609100,peripheral,0.35,1,0.236692,"Depth 4 boundary: KZT10k from 1 senders; downstream activity is unobserved, so no terminal conclusion."
100000004856746100,peripheral,0.35,63,0.264876,"Depth 4 boundary: KZT20k from 1 senders; downstream activity is unobserved, so no terminal conclusion."
100000004877085100,peripheral,0.315612,13,0.524014,"Peripheral pattern: 1 senders, 3 recipients, KZT121k observed flow; no stronger rule matched."
100000004889043100,terminal,0.893069,1,0.652645,Observed depth 3: KZT272k retained (100%) with 0 recipients; terminal-behavior hypothesis.
100000004890713100,peripheral,0.35,19,0.311709,"Depth 4 boundary: KZT40k from 1 senders; downstream activity is unobserved, so no terminal conclusion."
100000004891562100,peripheral,0.35,47,0.315288,"Depth 4 boundary: KZT103k from 1 senders; downstream activity is unobserved, so no terminal conclusion."
100000004892144100,terminal,0.98798,22,0.699156,Observed depth 3: KZT4.3m retained (96%) with 1 recipients; terminal-behavior hypothesis.
100000004904960100,peripheral,0.402086,1,0.466794,"Peripheral pattern: 2 senders, 0 recipients, KZT32k observed flow; no stronger rule matched."
100000004905207100,terminal,0.925076,41,0.702328,Observed depth 2: KZT380k retained (100%) with 0 recipients; terminal-behavior hypothesis.
100000004906181100,distributor,0.986599,21,0.798574,"Distribution signs: 7 recipients, KZT2.5m out in 33 tx; investigation hypothesis."
100000004908173100,peripheral,0.35,43,0.289361,"Depth 4 boundary: KZT21k from 1 senders; downstream activity is unobserved, so no terminal conclusion."
100000004911971100,peripheral,0.35,21,0.31181,"Depth 4 boundary: KZT35k from 1 senders; downstream activity is unobserved, so no terminal conclusion."
100000004917367100,terminal,0.786311,11,0.569375,Observed depth 3: KZT120k retained (100%) with 0 recipients; terminal-behavior hypothesis.
100000004921657100,peripheral,0.402086,4,0.475578,"Peripheral pattern: 1 senders, 1 recipients, KZT30k observed flow; no stronger rule matched."
100000004931931100,peripheral,0.402086,1,0.417771,"Peripheral pattern: 1 senders, 1 recipients, KZT69k observed flow; no stronger rule matched."
100000004948177100,consolidator,0.97185,17,0.75294,"Consolidation signs: 3 senders, KZT437k in, 0 recipients; investigation hypothesis."
100000004950490100,peripheral,0.594213,3,0.28523,"Peripheral pattern: 1 senders, 0 recipients, KZT10k observed flow; no stronger rule matched."
100000004959752100,peripheral,0.594213,4,0.435336,"Peripheral pattern: 1 senders, 0 recipients, KZT22k observed flow; no stronger rule matched."
100000004962193100,consolidator,0.99116,1,0.784579,"Consolidation signs: 8 senders, KZT900k in, 0 recipients; investigation hypothesis."
100000004970752100,peripheral,0.594213,1,0.354661,"Peripheral pattern: 1 senders, 0 recipients, KZT10k observed flow; no stronger rule matched."
100000004971871100,peripheral,0.4,53,0.372799,Seed: 1 recipients and KZT6k observed out; incoming flow is incomplete; investigation hypothesis only.
100000004975919100,peripheral,0.345222,2,0.385434,"Peripheral pattern: 1 senders, 2 recipients, KZT37k observed flow; no stronger rule matched."
100000004976946100,peripheral,0.35,66,0.421235,"Depth 4 boundary: KZT246k from 1 senders; downstream activity is unobserved, so no terminal conclusion."
100000004979264100,peripheral,0.35,43,0.337846,"Depth 4 boundary: KZT40k from 1 senders; downstream activity is unobserved, so no terminal conclusion."
100000004979283100,peripheral,0.565837,19,0.411926,"Peripheral pattern: 1 senders, 0 recipients, KZT40k observed flow; no stronger rule matched."
100000004979498100,peripheral,0.290938,59,0.551133,"Peripheral pattern: 1 senders, 1 recipients, KZT900k observed flow; no stronger rule matched."
100000004981068100,peripheral,0.35,2,0.246197,"Depth 4 boundary: KZT10k from 1 senders; downstream activity is unobserved, so no terminal conclusion."
100000004984689100,peripheral,0.527479,2,0.422703,"Peripheral pattern: 1 senders, 0 recipients, KZT53k observed flow; no stronger rule matched."
100000004988240100,peripheral,0.35,1,0.286689,"Depth 4 boundary: KZT20k from 1 senders; downstream activity is unobserved, so no terminal conclusion."
100000004991593100,peripheral,0.35,2,0.346556,"Depth 4 boundary: KZT45k from 1 senders; downstream activity is unobserved, so no terminal conclusion."
100000004991812100,peripheral,0.594213,30,0.338897,"Peripheral pattern: 1 senders, 0 recipients, KZT10k observed flow; no stronger rule matched."
100000004993576100,terminal,0.827412,5,0.595829,Observed depth 2: KZT167k retained (100%) with 0 recipients; terminal-behavior hypothesis.
100000004997515100,coordinator,0.940352,6,0.746101,"Coordination signs: 4 senders, 4 recipients, KZT395k in/KZT54k out; structural 0.77."
100000005008589100,peripheral,0.560677,1,0.415455,"Peripheral pattern: 1 senders, 0 recipients, KZT43k observed flow; no stronger rule matched."
100000005010159100,peripheral,0.35,2,0.248909,"Depth 4 boundary: KZT7k from 1 senders; downstream activity is unobserved, so no terminal conclusion."
100000005017150100,peripheral,0.4,76,0.171052,Seed: 0 recipients and KZT0 observed out; incoming flow is incomplete; investigation hypothesis only.
100000005022552100,terminal,0.870973,17,0.630945,Observed depth 3: KZT236k retained (98%) with 1 recipients; terminal-behavior hypothesis.
100000005022964100,peripheral,0.594213,4,0.423565,"Peripheral pattern: 1 senders, 0 recipients, KZT20k observed flow; no stronger rule matched."
100000005025629100,peripheral,0.35,11,0.22267,"Depth 4 boundary: KZT5k from 1 senders; downstream activity is unobserved, so no terminal conclusion."
100000005030592100,peripheral,0.594213,5,0.327347,"Peripheral pattern: 1 senders, 0 recipients, KZT10k observed flow; no stronger rule matched."
100000005031696100,peripheral,0.345222,48,0.567108,"Peripheral pattern: 1 senders, 2 recipients, KZT120k observed flow; no stronger rule matched."
100000005032294100,peripheral,0.594213,41,0.368734,"Peripheral pattern: 1 senders, 0 recipients, KZT10k observed flow; no stronger rule matched."
100000005034574100,terminal,0.886429,74,0.622041,Observed depth 1: KZT259k retained (100%) with 0 recipients; terminal-behavior hypothesis.
100000005037490100,peripheral,0.345222,13,0.441088,"Peripheral pattern: 1 senders, 2 recipients, KZT45k observed flow; no stronger rule matched."
100000005041147100,peripheral,0.35,1,0.25346,"Depth 4 boundary: KZT10k from 1 senders; downstream activity is unobserved, so no terminal conclusion."
100000005041905100,peripheral,0.283423,23,0.439934,"Peripheral pattern: 1 senders, 1 recipients, KZT1.1m observed flow; no stronger rule matched."
100000005042822100,peripheral,0.2869,37,0.464977,"Depth 4 boundary: KZT1.0m from 1 senders; downstream activity is unobserved, so no terminal conclusion."
100000005048668100,distributor,0.878098,2,0.661945,"Distribution signs: 8 recipients, KZT159k out in 11 tx; investigation hypothesis."
100000005049404100,peripheral,0.35,11,0.387567,"Depth 4 boundary: KZT98k from 1 senders; downstream activity is unobserved, so no terminal conclusion."
100000005052998100,peripheral,0.402086,1,0.357857,"Peripheral pattern: 1 senders, 1 recipients, KZT38k observed flow; no stronger rule matched."
100000005053653100,peripheral,0.345222,13,0.459183,"Peripheral pattern: 2 senders, 1 recipients, KZT88k observed flow; no stronger rule matched."
100000005055454100,peripheral,0.594213,28,0.269276,"Peripheral pattern: 1 senders, 0 recipients, KZT6k observed flow; no stronger rule matched."
100000005056870100,peripheral,0.594213,56,0.331225,"Peripheral pattern: 1 senders, 0 recipients, KZT20k observed flow; no stronger rule matched."
100000005059998100,peripheral,0.594213,1,0.370689,"Peripheral pattern: 1 senders, 0 recipients, KZT18k observed flow; no stronger rule matched."
100000005061890100,peripheral,0.476223,4,0.466821,"Peripheral pattern: 1 senders, 0 recipients, KZT90k observed flow; no stronger rule matched."
100000005074393100,coordinator,1.0,13,0.847736,"Coordination signs: 4 senders, 6 recipients, KZT563k in/KZT686k out; structural 0.92."
100000005075949100,peripheral,0.26301,58,0.510282,"Depth 4 boundary: KZT2.2m from 1 senders; downstream activity is unobserved, so no terminal conclusion."
100000005077484100,peripheral,0.345222,28,0.47106,"Peripheral pattern: 1 senders, 2 recipients, KZT164k observed flow; no stronger rule matched."
100000005079473100,peripheral,0.35,2,0.31818,"Depth 4 boundary: KZT39k from 1 senders; downstream activity is unobserved, so no terminal conclusion."
100000005079754100,peripheral,0.345222,4,0.574315,"Peripheral pattern: 1 senders, 2 recipients, KZT192k observed flow; no stronger rule matched."
100000005082652100,peripheral,0.594213,3,0.349602,"Peripheral pattern: 1 senders, 0 recipients, KZT30k observed flow; no stronger rule matched."
100000005087431100,peripheral,0.4,77,0.171052,Seed: 0 recipients and KZT0 observed out; incoming flow is incomplete; investigation hypothesis only.
100000005087923100,peripheral,0.35,49,0.217913,"Depth 4 boundary: KZT20k from 1 senders; downstream activity is unobserved, so no terminal conclusion."
100000005089460100,peripheral,0.594213,23,0.252826,"Peripheral pattern: 1 senders, 0 recipients, KZT12k observed flow; no stronger rule matched."
100000005092518100,peripheral,0.594213,23,0.341578,"Peripheral pattern: 1 senders, 0 recipients, KZT26k observed flow; no stronger rule matched."
100000005093521100,peripheral,0.594213,4,0.395321,"Peripheral pattern: 1 senders, 0 recipients, KZT15k observed flow; no stronger rule matched."
100000005100475100,peripheral,0.567407,3,0.356044,"Peripheral pattern: 1 senders, 0 recipients, KZT40k observed flow; no stronger rule matched."
100000005105153100,peripheral,0.594213,1,0.430473,"Peripheral pattern: 1 senders, 0 recipients, KZT30k observed flow; no stronger rule matched."
100000005124479100,peripheral,0.315612,1,0.556985,"Peripheral pattern: 2 senders, 2 recipients, KZT160k observed flow; no stronger rule matched."
100000005127767100,peripheral,0.594213,20,0.334132,"Peripheral pattern: 1 senders, 0 recipients, KZT7k observed flow; no stronger rule matched."
100000005133757100,peripheral,0.402086,2,0.501995,"Peripheral pattern: 2 senders, 0 recipients, KZT65k observed flow; no stronger rule matched."
100000005140601100,peripheral,0.300247,2,0.610868,"Peripheral pattern: 3 senders, 2 recipients, KZT248k observed flow; no stronger rule matched."
100000005142492100,peripheral,0.402086,3,0.512662,"Peripheral pattern: 1 senders, 1 recipients, KZT67k observed flow; no stronger rule matched."
100000005142589100,peripheral,0.538246,1,0.457918,"Peripheral pattern: 1 senders, 0 recipients, KZT50k observed flow; no stronger rule matched."
100000005146665100,peripheral,0.35,45,0.199032,"Depth 4 boundary: KZT6k from 1 senders; downstream activity is unobserved, so no terminal conclusion."
100000005168487100,peripheral,0.402086,12,0.534625,"Peripheral pattern: 1 senders, 1 recipients, KZT119k observed flow; no stronger rule matched."
100000005171642100,transit,0.934973,49,0.710145,Pass-through signs: 98% sent onward; 96% outgoing value within 0-2 days; hypothesis only.
100000005172860100,peripheral,0.594213,1,0.338796,"Peripheral pattern: 1 senders, 0 recipients, KZT15k observed flow; no stronger rule matched."
100000005175148100,peripheral,0.345222,5,0.543004,"Peripheral pattern: 2 senders, 1 recipients, KZT94k observed flow; no stronger rule matched."
100000005182219100,peripheral,0.402086,11,0.444404,"Peripheral pattern: 2 senders, 0 recipients, KZT55k observed flow; no stronger rule matched."
100000005183943100,terminal,0.969632,24,0.690187,Observed depth 1: KZT681k retained (100%) with 0 recipients; terminal-behavior hypothesis.
100000005186109100,peripheral,0.594213,5,0.333802,"Peripheral pattern: 1 senders, 0 recipients, KZT5k observed flow; no stronger rule matched."
100000005186131100,transit,0.819452,1,0.490939,Pass-through signs: 100% sent onward; 100% outgoing value within 0-2 days; hypothesis only.
100000005187208100,peripheral,0.594213,11,0.346935,"Peripheral pattern: 1 senders, 0 recipients, KZT14k observed flow; no stronger rule matched."
100000005189258100,peripheral,0.35,11,0.333045,"Depth 4 boundary: KZT50k from 1 senders; downstream activity is unobserved, so no terminal conclusion."
100000005198498100,peripheral,0.594213,23,0.317171,"Peripheral pattern: 1 senders, 0 recipients, KZT29k observed flow; no stronger rule matched."
100000005198906100,peripheral,0.36485,11,0.48932,"Peripheral pattern: 1 senders, 1 recipients, KZT288k observed flow; no stronger rule matched."
100000005203590100,peripheral,0.476223,3,0.39412,"Peripheral pattern: 1 senders, 0 recipients, KZT90k observed flow; no stronger rule matched."
100000005205745100,peripheral,0.594213,3,0.333606,"Peripheral pattern: 1 senders, 0 recipients, KZT6k observed flow; no stronger rule matched."
100000005209352100,peripheral,0.35,1,0.231324,"Depth 4 boundary: KZT5k from 1 senders; downstream activity is unobserved, so no terminal conclusion."
100000005222360100,peripheral,0.402086,41,0.44847,"Peripheral pattern: 1 senders, 1 recipients, KZT32k observed flow; no stronger rule matched."
100000005226217100,peripheral,0.35,6,0.294564,"Depth 4 boundary: KZT18k from 1 senders; downstream activity is unobserved, so no terminal conclusion."
100000005228059100,peripheral,0.594213,23,0.340867,"Peripheral pattern: 1 senders, 0 recipients, KZT26k observed flow; no stronger rule matched."
100000005233755100,peripheral,0.402086,29,0.436051,"Peripheral pattern: 1 senders, 1 recipients, KZT30k observed flow; no stronger rule matched."
100000005235389100,peripheral,0.4,78,0.171052,Seed: 0 recipients and KZT0 observed out; incoming flow is incomplete; investigation hypothesis only.
100000005237935150,peripheral,0.583109,25,0.352215,"Peripheral pattern: 1 senders, 0 recipients, KZT35k observed flow; no stronger rule matched."
100000005241556100,terminal,0.759668,36,0.558846,Observed depth 3: KZT100k retained (100%) with 0 recipients; terminal-behavior hypothesis.
100000005242320100,distributor,0.998703,25,0.758803,"Distribution signs: 21 recipients, KZT8.9m out in 29 tx; investigation hypothesis."
100000005264874100,peripheral,0.345222,27,0.395434,"Peripheral pattern: 1 senders, 2 recipients, KZT108k observed flow; no stronger rule matched."
100000005264990100,peripheral,0.345222,50,0.547901,Seed: 2 recipients and KZT122k observed out; incoming flow is incomplete; investigation hypothesis only.
100000005265073100,peripheral,0.402086,50,0.342756,"Peripheral pattern: 1 senders, 1 recipients, KZT14k observed flow; no stronger rule matched."
100000005268319100,distributor,0.850648,1,0.624312,"Distribution signs: 5 recipients, KZT91k out in 10 tx; investigation hypothesis."
100000005272139100,peripheral,0.35,17,0.421054,"Depth 4 boundary: KZT165k from 1 senders; downstream activity is unobserved, so no terminal conclusion."
100000005287097100,distributor,0.948991,17,0.794776,"Distribution signs: 9 recipients, KZT697k out in 42 tx; investigation hypothesis."
100000005293969100,peripheral,0.35,1,0.238787,"Depth 4 boundary: KZT5k from 1 senders; downstream activity is unobserved, so no terminal conclusion."
100000005308954100,peripheral,0.402086,17,0.468538,"Peripheral pattern: 1 senders, 1 recipients, KZT99k observed flow; no stronger rule matched."
100000005314565100,terminal,0.866288,1,0.631121,Observed depth 3: KZT218k retained (100%) with 0 recipients; terminal-behavior hypothesis.
100000005316708100,peripheral,0.345222,3,0.462121,"Peripheral pattern: 1 senders, 2 recipients, KZT348k observed flow; no stronger rule matched."
100000005317181100,terminal,0.764095,1,0.579256,Observed depth 3: KZT127k retained (90%) with 1 recipients; terminal-behavior hypothesis.
100000005326681100,peripheral,0.591633,5,0.413346,"Peripheral pattern: 1 senders, 0 recipients, KZT31k observed flow; no stronger rule matched."
100000005328215100,peripheral,0.594213,12,0.33839,"Peripheral pattern: 1 senders, 0 recipients, KZT27k observed flow; no stronger rule matched."
100000005339662100,coordinator,0.992551,5,0.833642,"Coordination signs: 4 senders, 4 recipients, KZT203k in/KZT295k out; structural 0.88."
100000005342513100,terminal,0.825021,23,0.629458,Observed depth 3: KZT205k retained (87%) with 1 recipients; terminal-behavior hypothesis.
100000005357034100,peripheral,0.594213,1,0.30316,"Peripheral pattern: 1 senders, 0 recipients, KZT10k observed flow; no stronger rule matched."
100000005357705100,peripheral,0.300247,2,0.557969,"Peripheral pattern: 1 senders, 4 recipients, KZT440k observed flow; no stronger rule matched."
100000005360814100,peripheral,0.35,2,0.424333,"Depth 4 boundary: KZT144k from 1 senders; downstream activity is unobserved, so no terminal conclusion."
100000005362848100,peripheral,0.594213,19,0.392143,"Peripheral pattern: 1 senders, 0 recipients, KZT29k observed flow; no stronger rule matched."
100000005363908100,transit,0.837176,72,0.517628,Pass-through signs: 100% sent onward; 100% outgoing value within 0-2 days; hypothesis only.
100000005367180100,peripheral,0.35,2,0.251392,"Depth 4 boundary: KZT8k from 1 senders; downstream activity is unobserved, so no terminal conclusion."
100000005367284100,peripheral,0.345222,1,0.446894,"Peripheral pattern: 1 senders, 2 recipients, KZT62k observed flow; no stronger rule matched."
100000005367445100,transit,0.802584,43,0.510093,Pass-through signs: 100% sent onward; 100% outgoing value within 0-2 days; hypothesis only.
100000005370558100,peripheral,0.35,1,0.212793,"Depth 4 boundary: KZT5k from 1 senders; downstream activity is unobserved, so no terminal conclusion."
100000005370580100,peripheral,0.4,13,0.373307,Seed: 0 recipients and KZT0 observed out; incoming flow is incomplete; investigation hypothesis only.
100000005375968100,peripheral,0.345222,1,0.529644,"Peripheral pattern: 1 senders, 2 recipients, KZT256k observed flow; no stronger rule matched."
100000005382566100,peripheral,0.275348,50,0.637041,Seed: 1 recipients and KZT50k observed out; incoming flow is incomplete; investigation hypothesis only.
100000005386383100,peripheral,0.345222,50,0.50541,Seed: 1 recipients and KZT29k observed out; incoming flow is incomplete; investigation hypothesis only.
100000005392290100,peripheral,0.4,69,0.338385,Seed: 1 recipients and KZT81k observed out; incoming flow is incomplete; investigation hypothesis only.
100000005394708100,peripheral,0.402086,50,0.469558,"Peripheral pattern: 1 senders, 1 recipients, KZT91k observed flow; no stronger rule matched."
100000005395727100,peripheral,0.4,5,0.352418,Seed: 0 recipients and KZT0 observed out; incoming flow is incomplete; investigation hypothesis only.
100000005402643100,peripheral,0.389076,6,0.415708,"Peripheral pattern: 1 senders, 1 recipients, KZT218k observed flow; no stronger rule matched."
100000005409156100,terminal,0.887339,11,0.66016,Observed depth 3: KZT260k retained (100%) with 0 recipients; terminal-behavior hypothesis.
100000005409680100,peripheral,0.4,44,0.500694,Seed: 0 recipients and KZT0 observed out; incoming flow is incomplete; investigation hypothesis only.
100000005413948100,peripheral,0.345222,43,0.462626,"Peripheral pattern: 2 senders, 1 recipients, KZT33k observed flow; no stronger rule matched."
100000005417257100,peripheral,0.4,50,0.390794,Seed: 2 recipients and KZT106k observed out; incoming flow is incomplete; investigation hypothesis only.
100000005432267100,terminal,0.918347,4,0.738355,Observed depth 1: KZT350k retained (100%) with 0 recipients; terminal-behavior hypothesis.
100000005454368100,peripheral,0.4,13,0.455869,Seed: 0 recipients and KZT0 observed out; incoming flow is incomplete; investigation hypothesis only.
100000005456919100,terminal,0.941135,10,0.734572,Observed depth 1: KZT475k retained (99%) with 1 recipients; terminal-behavior hypothesis.
100000005473151100,coordinator,0.97521,19,0.883938,"Coordination signs: 3 senders, 4 recipients, KZT1.2m in/KZT225k out; structural 0.84."
100000005474472100,terminal,0.759668,22,0.495904,Observed depth 2: KZT100k retained (100%) with 0 recipients; terminal-behavior hypothesis.
100000005475379100,peripheral,0.315612,12,0.522606,"Peripheral pattern: 1 senders, 3 recipients, KZT189k observed flow; no stronger rule matched."
100000005480435100,peripheral,0.4,79,0.171052,Seed: 0 recipients and KZT0 observed out; incoming flow is incomplete; investigation hypothesis only.
100000005481280100,peripheral,0.315612,5,0.479252,"Peripheral pattern: 1 senders, 3 recipients, KZT83k observed flow; no stronger rule matched."
100000005485830100,distributor,0.904467,56,0.586201,"Distribution signs: 5 recipients, KZT276k out in 9 tx; investigation hypothesis. Seed inflow incomplete."
100000005493505100,peripheral,0.345222,4,0.50296,Seed: 0 recipients and KZT0 observed out; incoming flow is incomplete; investigation hypothesis only.
100000005495211100,peripheral,0.35,1,0.269614,"Depth 4 boundary: KZT14k from 1 senders; downstream activity is unobserved, so no terminal conclusion."
100000005495722100,peripheral,0.4,80,0.171052,Seed: 0 recipients and KZT0 observed out; incoming flow is incomplete; investigation hypothesis only.
100000005496254100,peripheral,0.594213,1,0.350663,"Peripheral pattern: 1 senders, 0 recipients, KZT13k observed flow; no stronger rule matched."
100000005497148100,peripheral,0.35,11,0.313645,"Depth 4 boundary: KZT24k from 1 senders; downstream activity is unobserved, so no terminal conclusion."
100000005498992100,distributor,0.983573,6,0.670445,"Distribution signs: 16 recipients, KZT2.3m out in 19 tx; investigation hypothesis. Seed inflow incomplete."
100000005505655100,transit,0.483493,14,0.576698,Pass-through signs: 60% sent onward; 100% outgoing value within 0-2 days; hypothesis only.
100000005507142100,coordinator,0.885117,27,0.581181,"Coordination signs: 3 senders, 3 recipients, KZT51k in/KZT100k out; structural 0.64."
100000005514161100,consolidator,0.902463,3,0.773738,"Consolidation signs: 4 senders, KZT402k in, 1 recipients; investigation hypothesis."
100000005519347100,peripheral,0.345222,17,0.564184,Seed: 1 recipients and KZT99k observed out; incoming flow is incomplete; investigation hypothesis only.
100000005519998100,coordinator,0.976998,63,0.763521,"Coordination signs: 3 senders, 3 recipients, KZT182k in/KZT188k out; structural 0.85."
100000005523088100,peripheral,0.302041,50,0.581867,Seed: 0 recipients and KZT0 observed out; incoming flow is incomplete; investigation hypothesis only.
100000005527892100,coordinator,0.947205,36,0.821779,"Coordination signs: 3 senders, 8 recipients, KZT220k in/KZT552k out; structural 0.78."
100000005530114100,terminal,0.728445,29,0.649656,Observed depth 3: KZT112k retained (82%) with 1 recipients; terminal-behavior hypothesis.
100000005532138100,peripheral,0.594213,3,0.379839,"Peripheral pattern: 1 senders, 0 recipients, KZT25k observed flow; no stronger rule matched."
100000005539201100,peripheral,0.402086,17,0.464672,"Peripheral pattern: 1 senders, 1 recipients, KZT71k observed flow; no stronger rule matched."
100000005539910100,peripheral,0.345222,4,0.548785,"Peripheral pattern: 1 senders, 2 recipients, KZT124k observed flow; no stronger rule matched."
100000005543136100,peripheral,0.4,4,0.216831,Seed: 1 recipients and KZT10k observed out; incoming flow is incomplete; investigation hypothesis only.
100000005546031100,peripheral,0.315612,72,0.479699,"Peripheral pattern: 3 senders, 1 recipients, KZT75k observed flow; no stronger rule matched."
100000005547096100,peripheral,0.345222,72,0.466951,"Peripheral pattern: 1 senders, 2 recipients, KZT234k observed flow; no stronger rule matched."
100000005550592100,peripheral,0.4,81,0.171052,Seed: 0 recipients and KZT0 observed out; incoming flow is incomplete; investigation hypothesis only.
100000005553088100,peripheral,0.35,2,0.251796,"Depth 4 boundary: KZT18k from 1 senders; downstream activity is unobserved, so no terminal conclusion."
100000005560900100,peripheral,0.4,82,0.171052,Seed: 0 recipients and KZT0 observed out; incoming flow is incomplete; investigation hypothesis only.
100000005561741100,peripheral,0.594213,19,0.430499,"Peripheral pattern: 1 senders, 0 recipients, KZT25k observed flow; no stronger rule matched."
100000005567828100,peripheral,0.35,19,0.370603,"Depth 4 boundary: KZT94k from 1 senders; downstream activity is unobserved, so no terminal conclusion."
100000005568407100,peripheral,0.4,83,0.171052,Seed: 0 recipients and KZT0 observed out; incoming flow is incomplete; investigation hypothesis only.
100000005572303100,peripheral,0.402086,17,0.484004,"Peripheral pattern: 1 senders, 1 recipients, KZT95k observed flow; no stronger rule matched."
100000005578559100,distributor,0.956772,19,0.815315,"Distribution signs: 21 recipients, KZT893k out in 23 tx; investigation hypothesis."
100000005584222100,transit,0.465388,1,0.669343,Pass-through signs: 56% sent onward; 86% outgoing value within 0-2 days; hypothesis only.
100000005588444100,peripheral,0.594213,3,0.280661,"Peripheral pattern: 1 senders, 0 recipients, KZT12k observed flow; no stronger rule matched."
100000005589319100,peripheral,0.35,4,0.287904,"Depth 4 boundary: KZT26k from 1 senders; downstream activity is unobserved, so no terminal conclusion."
100000005602999100,peripheral,0.345222,54,0.443789,"Peripheral pattern: 1 senders, 2 recipients, KZT21k observed flow; no stronger rule matched."
100000005608515100,peripheral,0.509982,3,0.399293,"Peripheral pattern: 1 senders, 0 recipients, KZT64k observed flow; no stronger rule matched."
100000005610717100,consolidator,0.909263,1,0.753356,"Consolidation signs: 4 senders, KZT484k in, 1 recipients; investigation hypothesis."
100000005612411100,coordinator,0.943138,4,0.811765,"Coordination signs: 3 senders, 8 recipients, KZT116k in/KZT507k out; structural 0.77."
100000005614315100,terminal,0.940533,17,0.688568,Observed depth 2: KZT455k retained (100%) with 0 recipients; terminal-behavior hypothesis.
100000005616568100,peripheral,0.314379,11,0.456284,"Depth 4 boundary: KZT530k from 1 senders; downstream activity is unobserved, so no terminal conclusion."
100000005619339100,peripheral,0.402086,17,0.320949,"Peripheral pattern: 1 senders, 1 recipients, KZT10k observed flow; no stronger rule matched."
100000005620225100,peripheral,0.402086,1,0.445885,"Peripheral pattern: 2 senders, 0 recipients, KZT50k observed flow; no stronger rule matched."
100000005621418100,peripheral,0.35,15,0.297187,"Depth 4 boundary: KZT30k from 1 senders; downstream activity is unobserved, so no terminal conclusion."
100000005628518100,peripheral,0.493495,44,0.482651,"Peripheral pattern: 1 senders, 0 recipients, KZT77k observed flow; no stronger rule matched."
100000005634552100,peripheral,0.280058,1,0.573761,"Peripheral pattern: 1 senders, 3 recipients, KZT1.2m observed flow; no stronger rule matched."
100000005636951100,peripheral,0.35,49,0.270802,"Depth 4 boundary: KZT40k from 1 senders; downstream activity is unobserved, so no terminal conclusion."
100000005660203100,peripheral,0.307201,17,0.652259,"Peripheral pattern: 1 senders, 2 recipients, KZT614k observed flow; no stronger rule matched."
100000005661528100,peripheral,0.594213,2,0.374093,"Peripheral pattern: 1 senders, 0 recipients, KZT25k observed flow; no stronger rule matched."
100000005661829100,transit,0.74631,44,0.569768,Pass-through signs: 107% sent onward; 84% outgoing value within 0-2 days; hypothesis only.
100000005664632100,terminal,0.848325,75,0.678882,Observed depth 2: KZT199k retained (100%) with 0 recipients; terminal-behavior hypothesis.
100000005664922100,peripheral,0.300247,22,0.507425,"Peripheral pattern: 2 senders, 3 recipients, KZT559k observed flow; no stronger rule matched."
100000005665181100,coordinator,0.968769,11,0.729878,"Coordination signs: 4 senders, 11 recipients, KZT45k in/KZT182k out; structural 0.83."
100000005667841100,terminal,0.838777,43,0.627706,Observed depth 3: KZT186k retained (100%) with 0 recipients; terminal-behavior hypothesis.
100000005668605100,peripheral,0.345222,50,0.527523,Seed: 0 recipients and KZT0 observed out; incoming flow is incomplete; investigation hypothesis only.
100000005669845100,peripheral,0.594213,28,0.336713,"Peripheral pattern: 1 senders, 0 recipients, KZT20k observed flow; no stronger rule matched."
100000005674387100,peripheral,0.594213,23,0.311106,"Peripheral pattern: 1 senders, 0 recipients, KZT26k observed flow; no stronger rule matched."
100000005685783100,peripheral,0.35,23,0.240252,"Depth 4 boundary: KZT26k from 1 senders; downstream activity is unobserved, so no terminal conclusion."
100000005704413100,coordinator,1.0,19,0.831523,"Coordination signs: 3 senders, 32 recipients, KZT98k in/KZT1.4m out; structural 0.95."
100000005709551100,peripheral,0.594213,13,0.376503,"Peripheral pattern: 1 senders, 0 recipients, KZT25k observed flow; no stronger rule matched."
100000005711521100,peripheral,0.35,13,0.433749,"Depth 4 boundary: KZT238k from 1 senders; downstream activity is unobserved, so no terminal conclusion."
100000005723580100,peripheral,0.35,43,0.326017,"Depth 4 boundary: KZT35k from 1 senders; downstream activity is unobserved, so no terminal conclusion."
100000005730108100,peripheral,0.594213,1,0.346996,"Peripheral pattern: 1 senders, 0 recipients, KZT8k observed flow; no stronger rule matched."
100000005744674100,peripheral,0.4,50,0.330198,Seed: 1 recipients and KZT50k observed out; incoming flow is incomplete; investigation hypothesis only.
100000005745873100,peripheral,0.35,66,0.414636,"Depth 4 boundary: KZT223k from 1 senders; downstream activity is unobserved, so no terminal conclusion."
100000005754335100,peripheral,0.559107,67,0.431367,"Peripheral pattern: 1 senders, 0 recipients, KZT44k observed flow; no stronger rule matched."
100000005756189100,transit,0.650912,11,0.563005,Pass-through signs: 75% sent onward; 100% outgoing value within 0-2 days; hypothesis only.
100000005756535100,peripheral,0.594213,23,0.323253,"Peripheral pattern: 1 senders, 0 recipients, KZT20k observed flow; no stronger rule matched."
100000005767403100,peripheral,0.282974,63,0.493555,"Depth 4 boundary: KZT1.1m from 1 senders; downstream activity is unobserved, so no terminal conclusion."
100000005778283100,consolidator,0.984769,3,0.786567,"Consolidation signs: 3 senders, KZT616k in, 0 recipients; investigation hypothesis."
100000005782781100,coordinator,0.990812,3,0.86556,"Coordination signs: 6 senders, 10 recipients, KZT172k in/KZT1.3m out; structural 0.88."
100000005782886100,peripheral,0.35,6,0.279428,"Depth 4 boundary: KZT14k from 1 senders; downstream activity is unobserved, so no terminal conclusion."
100000005783452100,peripheral,0.35,25,0.470508,"Depth 4 boundary: KZT286k from 2 senders; downstream activity is unobserved, so no terminal conclusion."
100000005799271100,peripheral,0.554957,12,0.481139,"Peripheral pattern: 1 senders, 0 recipients, KZT45k observed flow; no stronger rule matched."
100000005807278100,peripheral,0.594213,56,0.275784,"Peripheral pattern: 1 senders, 0 recipients, KZT8k observed flow; no stronger rule matched."
100000005809252100,peripheral,0.594213,11,0.423672,"Peripheral pattern: 1 senders, 0 recipients, KZT25k observed flow; no stronger rule matched."
100000005815602100,peripheral,0.402086,17,0.515749,"Peripheral pattern: 1 senders, 1 recipients, KZT185k observed flow; no stronger rule matched."
100000005820746100,terminal,0.986405,22,0.667436,Observed depth 3: KZT1.9m retained (97%) with 1 recipients; terminal-behavior hypothesis.
100000005830339100,consolidator,0.908311,4,0.696746,"Consolidation signs: 5 senders, KZT476k in, 1 recipients; investigation hypothesis."
100000005834479100,peripheral,0.345222,2,0.331426,"Peripheral pattern: 1 senders, 2 recipients, KZT22k observed flow; no stronger rule matched."
100000005844459100,terminal,0.880155,1,0.678238,Observed depth 1: KZT243k retained (100%) with 0 recipients; terminal-behavior hypothesis.
100000005847078100,peripheral,0.594213,23,0.270005,"Peripheral pattern: 1 senders, 0 recipients, KZT16k observed flow; no stronger rule matched."
100000005849100100,peripheral,0.586137,4,0.472622,"Peripheral pattern: 1 senders, 0 recipients, KZT33k observed flow; no stronger rule matched."
100000005849862100,peripheral,0.35,3,0.281388,"Depth 4 boundary: KZT13k from 1 senders; downstream activity is unobserved, so no terminal conclusion."
100000005852946100,peripheral,0.594213,4,0.430958,"Peripheral pattern: 1 senders, 0 recipients, KZT24k observed flow; no stronger rule matched."
100000005857058100,peripheral,0.345222,1,0.462902,"Peripheral pattern: 3 senders, 0 recipients, KZT80k observed flow; no stronger rule matched."
100000005873152100,peripheral,0.402086,12,0.380698,"Peripheral pattern: 1 senders, 1 recipients, KZT20k observed flow; no stronger rule matched."
100000005877725100,peripheral,0.502019,23,0.398348,"Peripheral pattern: 1 senders, 0 recipients, KZT70k observed flow; no stronger rule matched."
100000005878334100,peripheral,0.35,2,0.383011,"Depth 4 boundary: KZT76k from 1 senders; downstream activity is unobserved, so no terminal conclusion."
100000005882013100,terminal,0.768856,13,0.699169,Observed depth 2: KZT125k retained (93%) with 1 recipients; terminal-behavior hypothesis.
100000005888829100,peripheral,0.35,6,0.417155,"Depth 4 boundary: KZT197k from 1 senders; downstream activity is unobserved, so no terminal conclusion."
100000005893892100,terminal,0.766669,11,0.514631,Observed depth 3: KZT103k retained (100%) with 0 recipients; terminal-behavior hypothesis.
100000005895525100,terminal,0.786311,56,0.542808,Observed depth 1: KZT120k retained (100%) with 0 recipients; terminal-behavior hypothesis.
100000005897462100,peripheral,0.465119,12,0.488825,"Peripheral pattern: 1 senders, 0 recipients, KZT98k observed flow; no stronger rule matched."
100000005901606100,peripheral,0.578623,23,0.363917,"Peripheral pattern: 1 senders, 0 recipients, KZT36k observed flow; no stronger rule matched."
100000005904580100,peripheral,0.402086,9,0.481596,"Peripheral pattern: 2 senders, 0 recipients, KZT72k observed flow; no stronger rule matched."
100000005910114100,coordinator,0.987828,1,0.81505,"Coordination signs: 3 senders, 19 recipients, KZT326k in/KZT1.5m out; structural 0.87."
100000005910895100,peripheral,0.35,54,0.253021,"Depth 4 boundary: KZT5k from 1 senders; downstream activity is unobserved, so no terminal conclusion."
100000005911352100,peripheral,0.300247,20,0.446793,"Peripheral pattern: 2 senders, 3 recipients, KZT39k observed flow; no stronger rule matched."
100000005931985100,peripheral,0.494729,25,0.391988,"Peripheral pattern: 1 senders, 0 recipients, KZT76k observed flow; no stronger rule matched."
100000005932987100,peripheral,0.594213,63,0.437961,"Peripheral pattern: 1 senders, 0 recipients, KZT25k observed flow; no stronger rule matched."
100000005933757100,coordinator,1.0,41,0.86462,"Coordination signs: 4 senders, 34 recipients, KZT1.2m in/KZT3.0m out; structural 0.98."
100000005939154100,peripheral,0.594213,17,0.398774,"Peripheral pattern: 1 senders, 0 recipients, KZT22k observed flow; no stronger rule matched."
100000005940652100,peripheral,0.594213,43,0.366322,"Peripheral pattern: 1 senders, 0 recipients, KZT8k observed flow; no stronger rule matched."
100000005941908100,peripheral,0.594213,41,0.365174,"Peripheral pattern: 1 senders, 0 recipients, KZT10k observed flow; no stronger rule matched."
100000005942793100,peripheral,0.315612,1,0.451473,"Peripheral pattern: 4 senders, 0 recipients, KZT55k observed flow; no stronger rule matched."
100000005958064100,peripheral,0.345222,41,0.508761,"Peripheral pattern: 1 senders, 2 recipients, KZT170k observed flow; no stronger rule matched."
100000005961971100,peripheral,0.546994,23,0.378262,"Peripheral pattern: 1 senders, 0 recipients, KZT47k observed flow; no stronger rule matched."
100000005974542100,peripheral,0.47039,30,0.488173,"Peripheral pattern: 1 senders, 0 recipients, KZT94k observed flow; no stronger rule matched."
100000005979037100,peripheral,0.35,2,0.34883,"Depth 4 boundary: KZT60k from 1 senders; downstream activity is unobserved, so no terminal conclusion."
100000005995391100,peripheral,0.594213,23,0.273701,"Peripheral pattern: 1 senders, 0 recipients, KZT17k observed flow; no stronger rule matched."
100000005996909100,peripheral,0.594213,5,0.318641,"Peripheral pattern: 1 senders, 0 recipients, KZT6k observed flow; no stronger rule matched."
100000006008169100,peripheral,0.502019,9,0.396012,"Peripheral pattern: 1 senders, 0 recipients, KZT70k observed flow; no stronger rule matched."
100000006020215100,peripheral,0.345222,13,0.43214,"Peripheral pattern: 1 senders, 2 recipients, KZT64k observed flow; no stronger rule matched."
100000006030946100,peripheral,0.498093,23,0.400388,"Peripheral pattern: 1 senders, 0 recipients, KZT73k observed flow; no stronger rule matched."
100000006048193100,peripheral,0.563145,1,0.409779,"Peripheral pattern: 1 senders, 0 recipients, KZT42k observed flow; no stronger rule matched."
100000006069103100,coordinator,0.975013,7,0.778434,"Coordination signs: 3 senders, 3 recipients, KZT229k in/KZT270k out; structural 0.84."
100000006100920100,terminal,0.759668,1,0.533013,Observed depth 3: KZT100k retained (100%) with 0 recipients; terminal-behavior hypothesis.
100000006111439100,coordinator,0.856976,11,0.540458,"Coordination signs: 3 senders, 4 recipients, KZT21k in/KZT24k out; structural 0.58."
100000006111442100,peripheral,0.509982,43,0.439461,"Peripheral pattern: 1 senders, 0 recipients, KZT64k observed flow; no stronger rule matched."
100000006122699100,peripheral,0.402086,9,0.444578,"Peripheral pattern: 2 senders, 0 recipients, KZT46k observed flow; no stronger rule matched."
100000006126743100,peripheral,0.522544,11,0.410661,"Peripheral pattern: 1 senders, 0 recipients, KZT55k observed flow; no stronger rule matched."
100000006161893100,peripheral,0.594213,17,0.377706,"Peripheral pattern: 1 senders, 0 recipients, KZT14k observed flow; no stronger rule matched."
100000006165886100,peripheral,0.345222,1,0.545403,"Peripheral pattern: 2 senders, 1 recipients, KZT259k observed flow; no stronger rule matched."
100000006169033100,peripheral,0.280507,67,0.582953,"Peripheral pattern: 1 senders, 3 recipients, KZT1.2m observed flow; no stronger rule matched."
100000006171671100,peripheral,0.35,1,0.252246,"Depth 4 boundary: KZT10k from 1 senders; downstream activity is unobserved, so no terminal conclusion."
100000006177176100,peripheral,0.594213,17,0.331737,"Peripheral pattern: 1 senders, 0 recipients, KZT9k observed flow; no stronger rule matched."
100000006209210100,terminal,0.870881,3,0.610756,Observed depth 3: KZT229k retained (100%) with 0 recipients; terminal-behavior hypothesis.
100000006225798100,consolidator,0.853747,29,0.708613,"Consolidation signs: 3 senders, KZT722k in, 2 recipients; investigation hypothesis."
100000006232642100,peripheral,0.327165,67,0.477382,"Depth 4 boundary: KZT456k from 1 senders; downstream activity is unobserved, so no terminal conclusion."
100000006232815100,distributor,0.908357,28,0.662223,"Distribution signs: 5 recipients, KZT296k out in 5 tx; investigation hypothesis. Seed inflow incomplete."
100000006240939100,distributor,0.953314,49,0.671896,"Distribution signs: 5 recipients, KZT778k out in 5 tx; investigation hypothesis."
100000006248077100,peripheral,0.538246,17,0.431156,"Peripheral pattern: 1 senders, 0 recipients, KZT50k observed flow; no stronger rule matched."
100000006249740100,peripheral,0.345222,84,0.383373,Seed: 3 recipients and KZT93k observed out; incoming flow is incomplete; investigation hypothesis only.
100000006257675100,peripheral,0.35,33,0.377548,"Depth 4 boundary: KZT70k from 1 senders; downstream activity is unobserved, so no terminal conclusion."
100000006274203100,peripheral,0.256505,44,0.632344,"Peripheral pattern: 2 senders, 3 recipients, KZT3.5m observed flow; no stronger rule matched."
100000006288612100,peripheral,0.35,9,0.316078,"Depth 4 boundary: KZT31k from 1 senders; downstream activity is unobserved, so no terminal conclusion."
100000006308406100,peripheral,0.35,33,0.437276,"Depth 4 boundary: KZT183k from 1 senders; downstream activity is unobserved, so no terminal conclusion."
100000006326645100,peripheral,0.594213,23,0.339337,"Peripheral pattern: 1 senders, 0 recipients, KZT25k observed flow; no stronger rule matched."
100000006351075100,peripheral,0.35,66,0.317343,"Depth 4 boundary: KZT40k from 1 senders; downstream activity is unobserved, so no terminal conclusion."
100000006369769100,peripheral,0.567407,23,0.369213,"Peripheral pattern: 1 senders, 0 recipients, KZT40k observed flow; no stronger rule matched."
100000006381453100,peripheral,0.35,6,0.353614,"Depth 4 boundary: KZT45k from 1 senders; downstream activity is unobserved, so no terminal conclusion."
100000006385877100,peripheral,0.402086,6,0.438992,"Peripheral pattern: 1 senders, 1 recipients, KZT90k observed flow; no stronger rule matched."
100000006412162100,peripheral,0.35,47,0.191376,"Depth 4 boundary: KZT15k from 1 senders; downstream activity is unobserved, so no terminal conclusion."
100000006416061100,peripheral,0.35,2,0.311783,"Depth 4 boundary: KZT30k from 1 senders; downstream activity is unobserved, so no terminal conclusion."
100000006424479100,peripheral,0.301144,13,0.626449,"Peripheral pattern: 1 senders, 2 recipients, KZT720k observed flow; no stronger rule matched."
100000006443391100,transit,0.569369,6,0.573908,Pass-through signs: 69% sent onward; 89% outgoing value within 0-2 days; hypothesis only.
100000006444163100,peripheral,0.594213,1,0.322186,"Peripheral pattern: 1 senders, 0 recipients, KZT6k observed flow; no stronger rule matched."
100000006445501100,peripheral,0.473643,12,0.484847,"Peripheral pattern: 1 senders, 0 recipients, KZT91k observed flow; no stronger rule matched."
100000006446271100,peripheral,0.402086,4,0.519112,"Peripheral pattern: 2 senders, 0 recipients, KZT80k observed flow; no stronger rule matched."
100000006471232100,peripheral,0.562696,23,0.338756,"Peripheral pattern: 1 senders, 0 recipients, KZT42k observed flow; no stronger rule matched."
100000006476758100,peripheral,0.594213,12,0.342273,"Peripheral pattern: 1 senders, 0 recipients, KZT5k observed flow; no stronger rule matched."
100000006490557100,peripheral,0.594213,3,0.237187,"Peripheral pattern: 1 senders, 0 recipients, KZT5k observed flow; no stronger rule matched."
100000006490615100,peripheral,0.35,13,0.357283,"Depth 4 boundary: KZT42k from 1 senders; downstream activity is unobserved, so no terminal conclusion."
100000006491272100,peripheral,0.594213,23,0.311106,"Peripheral pattern: 1 senders, 0 recipients, KZT26k observed flow; no stronger rule matched."
100000006491963100,peripheral,0.35,47,0.202958,"Depth 4 boundary: KZT16k from 1 senders; downstream activity is unobserved, so no terminal conclusion."
100000006492770100,terminal,0.862571,1,0.69018,Observed depth 3: KZT249k retained (93%) with 1 recipients; terminal-behavior hypothesis.
100000006512787100,peripheral,0.35,1,0.303199,"Depth 4 boundary: KZT20k from 1 senders; downstream activity is unobserved, so no terminal conclusion."
100000006518161100,consolidator,0.850076,17,0.804677,"Consolidation signs: 3 senders, KZT594k in, 2 recipients; investigation hypothesis."
100000006522972100,peripheral,0.594213,11,0.324076,"Peripheral pattern: 1 senders, 0 recipients, KZT10k observed flow; no stronger rule matched."
100000006523053100,peripheral,0.594213,4,0.378815,"Peripheral pattern: 1 senders, 0 recipients, KZT5k observed flow; no stronger rule matched."
100000006527156100,peripheral,0.35,58,0.319126,"Depth 4 boundary: KZT48k from 1 senders; downstream activity is unobserved, so no terminal conclusion."
100000006530134100,terminal,0.807679,11,0.586817,Observed depth 3: KZT145k retained (100%) with 0 recipients; terminal-behavior hypothesis.
100000006532229100,terminal,0.769125,43,0.540913,Observed depth 3: KZT105k retained (100%) with 0 recipients; terminal-behavior hypothesis.
100000006534886100,peripheral,0.380103,17,0.565484,"Peripheral pattern: 1 senders, 1 recipients, KZT239k observed flow; no stronger rule matched."
100000006557763100,peripheral,0.594213,4,0.386992,"Peripheral pattern: 1 senders, 0 recipients, KZT10k observed flow; no stronger rule matched."
100000006562026100,peripheral,0.402086,84,0.460803,"Peripheral pattern: 2 senders, 0 recipients, KZT75k observed flow; no stronger rule matched."
100000006564102100,terminal,0.873881,4,0.654018,Observed depth 2: KZT233k retained (100%) with 0 recipients; terminal-behavior hypothesis.
100000006567935100,terminal,0.852736,34,0.605768,Observed depth 2: KZT200k retained (100%) with 0 recipients; terminal-behavior hypothesis.
100000006573438100,peripheral,0.594213,67,0.306385,"Peripheral pattern: 1 senders, 0 recipients, KZT5k observed flow; no stronger rule matched."
100000006579678100,coordinator,0.9,17,0.811397,"Coordination signs: 2 senders, 6 recipients, KZT193k in/KZT1.7m out; structural 0.92."
100000006595426100,peripheral,0.484186,1,0.489031,"Peripheral pattern: 1 senders, 0 recipients, KZT85k observed flow; no stronger rule matched."
100000006612238100,terminal,0.756328,23,0.584112,Observed depth 2: KZT135k retained (84%) with 1 recipients; terminal-behavior hypothesis.
100000006638021100,peripheral,0.340848,61,0.509928,"Depth 4 boundary: KZT388k from 2 senders; downstream activity is unobserved, so no terminal conclusion."
100000006641671100,transit,0.654247,2,0.541096,Pass-through signs: 114% sent onward; 80% outgoing value within 0-2 days; hypothesis only.
100000006656003100,peripheral,0.402086,23,0.373682,"Peripheral pattern: 1 senders, 1 recipients, KZT29k observed flow; no stronger rule matched."
100000006658598100,peripheral,0.594213,17,0.332287,"Peripheral pattern: 1 senders, 0 recipients, KZT9k observed flow; no stronger rule matched."
100000006664478100,transit,0.684224,49,0.531808,Pass-through signs: 109% sent onward; 67% outgoing value within 0-2 days; hypothesis only.
100000006679055100,peripheral,0.594213,4,0.420947,"Peripheral pattern: 1 senders, 0 recipients, KZT25k observed flow; no stronger rule matched."
100000006684930100,peripheral,0.594213,13,0.37312,"Peripheral pattern: 1 senders, 0 recipients, KZT10k observed flow; no stronger rule matched."
100000006687202100,peripheral,0.538246,1,0.447234,"Peripheral pattern: 1 senders, 0 recipients, KZT50k observed flow; no stronger rule matched."
100000006689603100,peripheral,0.337932,2,0.453236,"Depth 4 boundary: KZT400k from 1 senders; downstream activity is unobserved, so no terminal conclusion."
100000006693788100,peripheral,0.35,1,0.257759,"Depth 4 boundary: KZT11k from 1 senders; downstream activity is unobserved, so no terminal conclusion."
100000006701983100,peripheral,0.594213,23,0.313648,"Peripheral pattern: 1 senders, 0 recipients, KZT27k observed flow; no stronger rule matched."
100000006704530100,peripheral,0.292171,15,0.564917,"Peripheral pattern: 1 senders, 3 recipients, KZT878k observed flow; no stronger rule matched."
100000006706519100,peripheral,0.35,1,0.34296,"Depth 4 boundary: KZT36k from 1 senders; downstream activity is unobserved, so no terminal conclusion."
100000006707582100,distributor,0.958501,12,0.802155,"Distribution signs: 14 recipients, KZT961k out in 15 tx; investigation hypothesis."
100000006710485100,peripheral,0.594213,23,0.285384,"Peripheral pattern: 1 senders, 0 recipients, KZT20k observed flow; no stronger rule matched."
100000006714366100,peripheral,0.402086,13,0.383196,"Peripheral pattern: 1 senders, 1 recipients, KZT16k observed flow; no stronger rule matched."
100000006734214100,coordinator,0.969482,11,0.806368,"Coordination signs: 5 senders, 3 recipients, KZT610k in/KZT36k out; structural 0.83."
100000006734554100,peripheral,0.402086,28,0.349007,"Peripheral pattern: 1 senders, 1 recipients, KZT42k observed flow; no stronger rule matched."
100000006735545100,peripheral,0.35,2,0.207375,"Depth 4 boundary: KZT5k from 1 senders; downstream activity is unobserved, so no terminal conclusion."
100000006745291100,peripheral,0.487999,12,0.47893,"Peripheral pattern: 1 senders, 0 recipients, KZT83k observed flow; no stronger rule matched."
100000006746688100,peripheral,0.564379,23,0.337876,"Peripheral pattern: 1 senders, 0 recipients, KZT41k observed flow; no stronger rule matched."
100000006755850100,terminal,0.936713,11,0.74251,Observed depth 2: KZT443k retained (100%) with 0 recipients; terminal-behavior hypothesis.
100000006756956100,peripheral,0.35,1,0.412847,"Depth 4 boundary: KZT121k from 1 senders; downstream activity is unobserved, so no terminal conclusion."
100000006787636100,peripheral,0.594213,7,0.394222,"Peripheral pattern: 1 senders, 0 recipients, KZT20k observed flow; no stronger rule matched."
100000006788200100,coordinator,0.93388,3,0.734506,"Coordination signs: 4 senders, 3 recipients, KZT272k in/KZT64k out; structural 0.75."
100000006789108100,peripheral,0.573912,12,0.440691,"Peripheral pattern: 1 senders, 0 recipients, KZT38k observed flow; no stronger rule matched."
100000006831291100,peripheral,0.4,84,0.255282,Seed: 1 recipients and KZT15k observed out; incoming flow is incomplete; investigation hypothesis only.
100000006844004100,peripheral,0.594213,1,0.394052,"Peripheral pattern: 1 senders, 0 recipients, KZT21k observed flow; no stronger rule matched."
100000006844768100,transit,0.578962,1,0.701018,Pass-through signs: 67% sent onward; 87% outgoing value within 0-2 days; hypothesis only.
100000006852430100,peripheral,0.575707,12,0.479166,"Peripheral pattern: 1 senders, 0 recipients, KZT37k observed flow; no stronger rule matched."
100000006866783100,coordinator,1.0,1,0.849325,"Coordination signs: 13 senders, 67 recipients, KZT839k in/KZT3.9m out; structural 0.98. Seed inflow incomplete."
100000006866831100,peripheral,0.35,2,0.268455,"Depth 4 boundary: KZT16k from 1 senders; downstream activity is unobserved, so no terminal conclusion."
100000006882208100,peripheral,0.594213,17,0.386128,"Peripheral pattern: 1 senders, 0 recipients, KZT18k observed flow; no stronger rule matched."
100000006888238100,peripheral,0.402086,53,0.364183,"Peripheral pattern: 1 senders, 1 recipients, KZT48k observed flow; no stronger rule matched."
100000006889963100,consolidator,0.929118,11,0.868909,"Consolidation signs: 4 senders, KZT1.4m in, 1 recipients; investigation hypothesis."
100000006894637100,peripheral,0.528825,1,0.414545,"Peripheral pattern: 1 senders, 0 recipients, KZT53k observed flow; no stronger rule matched."
100000006901046100,peripheral,0.402086,17,0.547932,"Peripheral pattern: 1 senders, 1 recipients, KZT81k observed flow; no stronger rule matched."
100000006903193100,peripheral,0.35,1,0.226723,"Depth 4 boundary: KZT9k from 1 senders; downstream activity is unobserved, so no terminal conclusion."
100000006912294100,peripheral,0.345222,6,0.346103,"Peripheral pattern: 1 senders, 2 recipients, KZT36k observed flow; no stronger rule matched."
100000006918814100,peripheral,0.35,4,0.283955,"Depth 4 boundary: KZT20k from 1 senders; downstream activity is unobserved, so no terminal conclusion."
100000006919124100,peripheral,0.594213,1,0.365896,"Peripheral pattern: 1 senders, 0 recipients, KZT25k observed flow; no stronger rule matched."
100000006952718100,peripheral,0.499439,17,0.459226,"Peripheral pattern: 1 senders, 0 recipients, KZT71k observed flow; no stronger rule matched."
100000006965162100,peripheral,0.594213,16,0.330828,"Peripheral pattern: 1 senders, 0 recipients, KZT10k observed flow; no stronger rule matched."
100000006967370100,peripheral,0.402086,29,0.460687,"Peripheral pattern: 1 senders, 1 recipients, KZT47k observed flow; no stronger rule matched."
100000006972210100,consolidator,0.976337,6,0.761389,"Consolidation signs: 3 senders, KZT489k in, 0 recipients; investigation hypothesis."
100000006977207100,distributor,0.993516,2,0.726433,"Distribution signs: 15 recipients, KZT4.2m out in 15 tx; investigation hypothesis."
100000006989106100,peripheral,0.509982,3,0.417621,"Peripheral pattern: 1 senders, 0 recipients, KZT64k observed flow; no stronger rule matched."
100000006989232100,peripheral,0.594213,1,0.356772,"Peripheral pattern: 1 senders, 0 recipients, KZT22k observed flow; no stronger rule matched."
100000006994985100,peripheral,0.402086,3,0.537383,"Peripheral pattern: 1 senders, 1 recipients, KZT59k observed flow; no stronger rule matched."
100000007005380100,peripheral,0.594213,11,0.323544,"Peripheral pattern: 1 senders, 0 recipients, KZT9k observed flow; no stronger rule matched."
100000007018630100,peripheral,0.395917,38,0.414762,Seed: 1 recipients and KZT200k observed out; incoming flow is incomplete; investigation hypothesis only.
100000007020162100,peripheral,0.480821,41,0.447126,"Peripheral pattern: 1 senders, 0 recipients, KZT86k observed flow; no stronger rule matched."
100000007022818100,peripheral,0.594213,23,0.273701,"Peripheral pattern: 1 senders, 0 recipients, KZT17k observed flow; no stronger rule matched."
100000007034089100,peripheral,0.35,6,0.454729,"Depth 4 boundary: KZT198k from 2 senders; downstream activity is unobserved, so no terminal conclusion."
100000007042175100,peripheral,0.35,1,0.36136,"Depth 4 boundary: KZT60k from 1 senders; downstream activity is unobserved, so no terminal conclusion."
100000007055802100,consolidator,0.931157,1,0.841429,"Consolidation signs: 6 senders, KZT2.0m in, 1 recipients; investigation hypothesis."
100000007071852100,peripheral,0.35,2,0.419506,"Depth 4 boundary: KZT195k from 1 senders; downstream activity is unobserved, so no terminal conclusion."
100000007129492100,transit,0.614164,12,0.634326,Pass-through signs: 73% sent onward; 100% outgoing value within 0-2 days; hypothesis only.
100000007131370100,peripheral,0.402086,5,0.429713,"Peripheral pattern: 1 senders, 1 recipients, KZT60k observed flow; no stronger rule matched."
100000007138613100,consolidator,0.858915,1,0.71478,"Consolidation signs: 3 senders, KZT1.0m in, 2 recipients; investigation hypothesis."
100000007140834100,peripheral,0.594213,3,0.375225,"Peripheral pattern: 1 senders, 0 recipients, KZT10k observed flow; no stronger rule matched."
100000007153161100,peripheral,0.35,1,0.338082,"Depth 4 boundary: KZT45k from 1 senders; downstream activity is unobserved, so no terminal conclusion."
100000007170072100,transit,0.898382,2,0.703537,Pass-through signs: 100% sent onward; 100% outgoing value within 0-2 days; hypothesis only.
100000007173936100,peripheral,0.594213,34,0.323458,"Peripheral pattern: 1 senders, 0 recipients, KZT10k observed flow; no stronger rule matched."
100000007175718100,peripheral,0.594213,56,0.331225,"Peripheral pattern: 1 senders, 0 recipients, KZT20k observed flow; no stronger rule matched."
100000007181706100,terminal,0.833687,4,0.678368,Observed depth 1: KZT176k retained (100%) with 0 recipients; terminal-behavior hypothesis.
100000007197866100,transit,0.606124,2,0.484555,Pass-through signs: 75% sent onward; 100% outgoing value within 0-2 days; hypothesis only.
100000007229557100,consolidator,0.990617,36,0.764486,"Consolidation signs: 3 senders, KZT878k in, 0 recipients; investigation hypothesis."
100000007242833100,peripheral,0.402086,9,0.610126,"Peripheral pattern: 1 senders, 1 recipients, KZT152k observed flow; no stronger rule matched."
100000007267915100,peripheral,0.345222,29,0.41847,"Peripheral pattern: 2 senders, 1 recipients, KZT31k observed flow; no stronger rule matched."
100000007274584100,peripheral,0.572342,4,0.465844,"Peripheral pattern: 1 senders, 0 recipients, KZT38k observed flow; no stronger rule matched."
100000007281639100,terminal,0.865698,17,0.674474,Observed depth 1: KZT217k retained (100%) with 0 recipients; terminal-behavior hypothesis.
100000007283257100,terminal,0.844052,74,0.589224,Observed depth 1: KZT192k retained (100%) with 0 recipients; terminal-behavior hypothesis.
100000007289427100,peripheral,0.594213,4,0.299416,"Peripheral pattern: 1 senders, 0 recipients, KZT12k observed flow; no stronger rule matched."
100000007303047100,peripheral,0.529722,23,0.35309,"Peripheral pattern: 1 senders, 0 recipients, KZT52k observed flow; no stronger rule matched."
100000007311010100,peripheral,0.345222,4,0.515107,"Peripheral pattern: 2 senders, 1 recipients, KZT84k observed flow; no stronger rule matched."
100000007322059100,transit,0.532615,42,0.568654,Pass-through signs: 78% sent onward; 69% outgoing value within 0-2 days; hypothesis only.
100000007330432100,peripheral,0.309668,85,0.462555,"Depth 4 boundary: KZT585k from 1 senders; downstream activity is unobserved, so no terminal conclusion."
100000007333038100,peripheral,0.345222,25,0.334454,"Peripheral pattern: 1 senders, 2 recipients, KZT52k observed flow; no stronger rule matched."
100000007334196100,terminal,0.814955,12,0.604348,Observed depth 1: KZT150k retained (100%) with 0 recipients; terminal-behavior hypothesis.
100000007337374100,peripheral,0.594213,23,0.323437,"Peripheral pattern: 1 senders, 0 recipients, KZT20k observed flow; no stronger rule matched."
100000007347733100,peripheral,0.594213,84,0.351406,"Peripheral pattern: 1 senders, 0 recipients, KZT23k observed flow; no stronger rule matched."
100000007357489100,peripheral,0.35,6,0.442916,"Depth 4 boundary: KZT164k from 2 senders; downstream activity is unobserved, so no terminal conclusion."
100000007381662100,peripheral,0.35,1,0.233451,"Depth 4 boundary: KZT11k from 1 senders; downstream activity is unobserved, so no terminal conclusion."
100000007382152100,peripheral,0.594213,1,0.308988,"Peripheral pattern: 1 senders, 0 recipients, KZT6k observed flow; no stronger rule matched."
100000007382543100,coordinator,1.0,16,0.799557,"Coordination signs: 3 senders, 5 recipients, KZT218k in/KZT427k out; structural 0.92."
100000007390016100,transit,0.556889,86,0.656925,Pass-through signs: 68% sent onward; 72% outgoing value within 0-2 days; hypothesis only.
100000007392365100,distributor,0.977954,66,0.740678,"Distribution signs: 6 recipients, KZT1.8m out in 9 tx; investigation hypothesis."
100000007442518100,coordinator,1.0,34,0.893388,"Coordination signs: 5 senders, 9 recipients, KZT510k in/KZT4.4m out; structural 0.91."
100000007472293100,peripheral,0.315612,61,0.537975,"Peripheral pattern: 1 senders, 3 recipients, KZT351k observed flow; no stronger rule matched."
100000007484343100,peripheral,0.402086,1,0.363129,"Peripheral pattern: 2 senders, 0 recipients, KZT27k observed flow; no stronger rule matched."
100000007487729100,peripheral,0.594213,1,0.37825,"Peripheral pattern: 1 senders, 0 recipients, KZT25k observed flow; no stronger rule matched."
100000007507343100,terminal,0.923349,59,0.624321,Observed depth 1: KZT370k retained (100%) with 0 recipients; terminal-behavior hypothesis.
100000007510567100,peripheral,0.35,19,0.332712,"Depth 4 boundary: KZT52k from 1 senders; downstream activity is unobserved, so no terminal conclusion."
100000007510875100,peripheral,0.594213,6,0.254774,"Peripheral pattern: 1 senders, 0 recipients, KZT5k observed flow; no stronger rule matched."
100000007511163100,transit,0.494493,17,0.598014,Pass-through signs: 129% sent onward; 60% outgoing value within 0-2 days; hypothesis only.
100000007511780100,peripheral,0.35,1,0.431107,"Depth 4 boundary: KZT155k from 1 senders; downstream activity is unobserved, so no terminal conclusion."
100000007534354100,peripheral,0.315612,12,0.423821,"Peripheral pattern: 1 senders, 3 recipients, KZT198k observed flow; no stronger rule matched."
100000007536804100,transit,0.409894,3,0.479379,Pass-through signs: 55% sent onward; 82% outgoing value within 0-2 days; hypothesis only.
100000007539296100,peripheral,0.35,11,0.359658,"Depth 4 boundary: KZT46k from 1 senders; downstream activity is unobserved, so no terminal conclusion."
100000007544358100,peripheral,0.303387,17,0.585821,"Peripheral pattern: 2 senders, 1 recipients, KZT672k observed flow; no stronger rule matched."
100000007591246100,peripheral,0.402086,13,0.457214,"Peripheral pattern: 1 senders, 1 recipients, KZT132k observed flow; no stronger rule matched."
100000007593823100,coordinator,0.895302,1,0.686844,"Coordination signs: 3 senders, 13 recipients, KZT25k in/KZT163k out; structural 0.66."
100000007594394100,consolidator,0.901511,44,0.820774,"Consolidation signs: 6 senders, KZT395k in, 1 recipients; investigation hypothesis."
100000007597382100,peripheral,0.594213,11,0.330637,"Peripheral pattern: 1 senders, 0 recipients, KZT16k observed flow; no stronger rule matched."
100000007617808100,terminal,0.939578,17,0.676065,Observed depth 2: KZT450k retained (100%) with 0 recipients; terminal-behavior hypothesis.
100000007618425100,peripheral,0.569874,29,0.406009,"Peripheral pattern: 1 senders, 0 recipients, KZT39k observed flow; no stronger rule matched."
100000007629096100,consolidator,0.926126,1,0.80828,"Consolidation signs: 4 senders, KZT1.1m in, 1 recipients; investigation hypothesis."
100000007629121100,peripheral,0.594213,4,0.459809,"Peripheral pattern: 1 senders, 0 recipients, KZT29k observed flow; no stronger rule matched."
100000007631637100,peripheral,0.594213,23,0.296917,"Peripheral pattern: 1 senders, 0 recipients, KZT15k observed flow; no stronger rule matched."
100000007639767100,coordinator,0.93874,1,0.784155,"Coordination signs: 4 senders, 10 recipients, KZT91k in/KZT822k out; structural 0.76."
100000007641183100,peripheral,0.594213,17,0.408077,"Peripheral pattern: 1 senders, 0 recipients, KZT28k observed flow; no stronger rule matched."
100000007641801100,terminal,0.852736,3,0.546998,Observed depth 1: KZT200k retained (100%) with 0 recipients; terminal-behavior hypothesis.
100000007647294100,terminal,0.926076,39,0.662175,Observed depth 3: KZT385k retained (100%) with 0 recipients; terminal-behavior hypothesis.
100000007648946100,peripheral,0.402086,13,0.396101,"Peripheral pattern: 1 senders, 1 recipients, KZT45k observed flow; no stronger rule matched."
100000007653003100,terminal,0.759668,29,0.524325,Observed depth 3: KZT100k retained (100%) with 0 recipients; terminal-behavior hypothesis.
100000007653094100,peripheral,0.35,13,0.27781,"Depth 4 boundary: KZT16k from 1 senders; downstream activity is unobserved, so no terminal conclusion."
100000007689942100,peripheral,0.345222,44,0.413004,"Peripheral pattern: 1 senders, 2 recipients, KZT30k observed flow; no stronger rule matched."
100000007731977100,peripheral,0.35,1,0.337015,"Depth 4 boundary: KZT50k from 1 senders; downstream activity is unobserved, so no terminal conclusion."
100000007737775100,peripheral,0.594213,54,0.326021,"Peripheral pattern: 1 senders, 0 recipients, KZT6k observed flow; no stronger rule matched."
100000007745062100,peripheral,0.35,9,0.415984,"Depth 4 boundary: KZT100k from 1 senders; downstream activity is unobserved, so no terminal conclusion."
100000007747786100,distributor,0.993948,3,0.678707,"Distribution signs: 31 recipients, KZT4.2m out in 35 tx; investigation hypothesis. Seed inflow incomplete."
100000007749092100,peripheral,0.402086,17,0.483163,"Peripheral pattern: 1 senders, 1 recipients, KZT78k observed flow; no stronger rule matched."
100000007749747100,peripheral,0.35,43,0.355842,"Depth 4 boundary: KZT50k from 1 senders; downstream activity is unobserved, so no terminal conclusion."
100000007754369100,peripheral,0.488223,1,0.432946,"Peripheral pattern: 1 senders, 0 recipients, KZT82k observed flow; no stronger rule matched."
100000007777377100,peripheral,0.324697,17,0.654106,"Peripheral pattern: 1 senders, 2 recipients, KZT466k observed flow; no stronger rule matched."
100000007793871100,peripheral,0.594213,12,0.447736,"Peripheral pattern: 1 senders, 0 recipients, KZT26k observed flow; no stronger rule matched."
100000007797290100,peripheral,0.402086,1,0.48003,"Peripheral pattern: 1 senders, 1 recipients, KZT120k observed flow; no stronger rule matched."
100000007811950100,peripheral,0.35,14,0.349976,"Depth 4 boundary: KZT50k from 1 senders; downstream activity is unobserved, so no terminal conclusion."
100000007841978100,peripheral,0.329632,11,0.45436,"Depth 4 boundary: KZT449k from 1 senders; downstream activity is unobserved, so no terminal conclusion."
100000007861311100,peripheral,0.554957,3,0.377914,"Peripheral pattern: 1 senders, 0 recipients, KZT45k observed flow; no stronger rule matched."
100000007863304100,peripheral,0.594213,11,0.364903,"Peripheral pattern: 1 senders, 0 recipients, KZT25k observed flow; no stronger rule matched."
100000007864477100,distributor,0.892363,1,0.689735,"Distribution signs: 6 recipients, KZT204k out in 10 tx; investigation hypothesis."
100000007865484100,peripheral,0.309892,66,0.470148,"Depth 4 boundary: KZT585k from 1 senders; downstream activity is unobserved, so no terminal conclusion."
100000007867364100,peripheral,0.35,44,0.33185,"Depth 4 boundary: KZT42k from 1 senders; downstream activity is unobserved, so no terminal conclusion."
100000007898453100,peripheral,0.345222,4,0.64385,"Peripheral pattern: 1 senders, 2 recipients, KZT345k observed flow; no stronger rule matched."
100000007908818100,coordinator,0.974756,4,0.831883,"Coordination signs: 4 senders, 6 recipients, KZT727k in/KZT302k out; structural 0.84."
100000007930878100,peripheral,0.594213,24,0.276025,"Peripheral pattern: 1 senders, 0 recipients, KZT5k observed flow; no stronger rule matched."
100000007938486100,peripheral,0.569426,23,0.36838,"Peripheral pattern: 1 senders, 0 recipients, KZT40k observed flow; no stronger rule matched."
100000007939160100,peripheral,0.29576,24,0.515041,"Peripheral pattern: 1 senders, 2 recipients, KZT809k observed flow; no stronger rule matched."
100000007953156100,peripheral,0.402086,41,0.421596,"Peripheral pattern: 1 senders, 1 recipients, KZT28k observed flow; no stronger rule matched."
100000007960337100,peripheral,0.35,2,0.305725,"Depth 4 boundary: KZT36k from 1 senders; downstream activity is unobserved, so no terminal conclusion."
100000007982728100,distributor,0.978386,3,0.66262,"Distribution signs: 8 recipients, KZT1.8m out in 12 tx; investigation hypothesis. Seed inflow incomplete."
100000007982908100,peripheral,0.592306,23,0.347397,"Peripheral pattern: 1 senders, 0 recipients, KZT31k observed flow; no stronger rule matched."
100000007988344100,peripheral,0.35,1,0.303103,"Depth 4 boundary: KZT20k from 1 senders; downstream activity is unobserved, so no terminal conclusion."
100000007997939100,peripheral,0.35,6,0.276352,"Depth 4 boundary: KZT13k from 1 senders; downstream activity is unobserved, so no terminal conclusion."
100000007998965100,consolidator,0.88628,12,0.734951,"Consolidation signs: 5 senders, KZT278k in, 1 recipients; investigation hypothesis."
100000007999728100,peripheral,0.594213,41,0.368585,"Peripheral pattern: 1 senders, 0 recipients, KZT23k observed flow; no stronger rule matched."
100000008002020100,peripheral,0.402086,9,0.400719,"Peripheral pattern: 1 senders, 1 recipients, KZT91k observed flow; no stronger rule matched."
100000008003034100,peripheral,0.300247,13,0.538756,"Peripheral pattern: 1 senders, 4 recipients, KZT147k observed flow; no stronger rule matched."
100000008008463100,peripheral,0.524338,3,0.372073,"Peripheral pattern: 1 senders, 0 recipients, KZT54k observed flow; no stronger rule matched."
100000008011159100,coordinator,0.966837,67,0.780274,"Coordination signs: 3 senders, 5 recipients, KZT363k in/KZT153k out; structural 0.83."
100000008011573100,peripheral,0.594213,29,0.332058,"Peripheral pattern: 1 senders, 0 recipients, KZT15k observed flow; no stronger rule matched."
100000008027922100,peripheral,0.35,30,0.366223,"Depth 4 boundary: KZT70k from 1 senders; downstream activity is unobserved, so no terminal conclusion."
100000008028628100,peripheral,0.519852,23,0.3901,"Peripheral pattern: 1 senders, 0 recipients, KZT57k observed flow; no stronger rule matched."
100000008029279100,peripheral,0.594213,2,0.340382,"Peripheral pattern: 1 senders, 0 recipients, KZT17k observed flow; no stronger rule matched."
100000008038077100,terminal,0.950628,11,0.673178,Observed depth 3: KZT500k retained (100%) with 0 recipients; terminal-behavior hypothesis.
100000008042075100,peripheral,0.594213,22,0.233032,"Peripheral pattern: 1 senders, 0 recipients, KZT5k observed flow; no stronger rule matched."
100000008043184100,peripheral,0.53376,29,0.417457,"Peripheral pattern: 1 senders, 0 recipients, KZT51k observed flow; no stronger rule matched."
100000008050986100,peripheral,0.35,11,0.385437,"Depth 4 boundary: KZT95k from 1 senders; downstream activity is unobserved, so no terminal conclusion."
100000008055972100,peripheral,0.594213,23,0.315884,"Peripheral pattern: 1 senders, 0 recipients, KZT28k observed flow; no stronger rule matched."
100000008060273100,peripheral,0.594213,4,0.38977,"Peripheral pattern: 1 senders, 0 recipients, KZT10k observed flow; no stronger rule matched."
100000008066326100,peripheral,0.594213,1,0.378964,"Peripheral pattern: 1 senders, 0 recipients, KZT19k observed flow; no stronger rule matched."
100000008070101100,terminal,0.759668,6,0.527411,Observed depth 3: KZT100k retained (100%) with 0 recipients; terminal-behavior hypothesis.
100000008071620100,peripheral,0.550135,1,0.442226,"Peripheral pattern: 1 senders, 0 recipients, KZT47k observed flow; no stronger rule matched."
100000008071749100,peripheral,0.35,19,0.274286,"Depth 4 boundary: KZT25k from 1 senders; downstream activity is unobserved, so no terminal conclusion."
100000008074304100,peripheral,0.35,11,0.227968,"Depth 4 boundary: KZT6k from 1 senders; downstream activity is unobserved, so no terminal conclusion."
100000008077552100,terminal,0.863378,2,0.601601,Observed depth 3: KZT214k retained (100%) with 0 recipients; terminal-behavior hypothesis.
100000008086440100,distributor,0.878963,1,0.703947,"Distribution signs: 5 recipients, KZT161k out in 6 tx; investigation hypothesis."
100000008088082100,peripheral,0.402086,13,0.436727,"Peripheral pattern: 1 senders, 1 recipients, KZT89k observed flow; no stronger rule matched."
100000008094734100,consolidator,0.945195,1,0.720915,"Consolidation signs: 4 senders, KZT236k in, 0 recipients; investigation hypothesis."
100000008097580100,peripheral,0.402086,2,0.426411,"Peripheral pattern: 2 senders, 0 recipients, KZT32k observed flow; no stronger rule matched."
100000008104567100,coordinator,1.0,19,0.705955,"Coordination signs: 3 senders, 3 recipients, KZT54k in/KZT40k out; structural 0.90."
100000008106997100,transit,0.461997,1,0.52392,Pass-through signs: 58% sent onward; 100% outgoing value within 0-2 days; hypothesis only.
100000008111003100,consolidator,0.875128,1,0.778241,"Consolidation signs: 6 senders, KZT223k in, 1 recipients; investigation hypothesis."
100000008116374100,peripheral,0.591409,17,0.418786,"Peripheral pattern: 1 senders, 0 recipients, KZT31k observed flow; no stronger rule matched."
100000008117324100,peripheral,0.4,87,0.171052,Seed: 0 recipients and KZT0 observed out; incoming flow is incomplete; investigation hypothesis only.
100000008121806100,peripheral,0.300247,2,0.562147,"Peripheral pattern: 1 senders, 4 recipients, KZT316k observed flow; no stronger rule matched."
100000008129393100,peripheral,0.594213,84,0.295294,"Peripheral pattern: 1 senders, 0 recipients, KZT10k observed flow; no stronger rule matched."
100000008130868100,peripheral,0.35,25,0.22526,"Depth 4 boundary: KZT23k from 1 senders; downstream activity is unobserved, so no terminal conclusion."
100000008136608100,peripheral,0.35,19,0.420221,"Depth 4 boundary: KZT170k from 1 senders; downstream activity is unobserved, so no terminal conclusion."
100000008137435100,distributor,0.970173,30,0.81342,"Distribution signs: 6 recipients, KZT1.4m out in 7 tx; investigation hypothesis."
100000008141170100,peripheral,0.594213,17,0.373999,"Peripheral pattern: 1 senders, 0 recipients, KZT11k observed flow; no stronger rule matched."
100000008144528100,consolidator,0.99252,17,0.790025,"Consolidation signs: 5 senders, KZT1.1m in, 0 recipients; investigation hypothesis."
100000008151098100,peripheral,0.35,15,0.297677,"Depth 4 boundary: KZT30k from 1 senders; downstream activity is unobserved, so no terminal conclusion."
100000008165763100,coordinator,1.0,4,0.890441,"Coordination signs: 15 senders, 17 recipients, KZT1.2m in/KZT1.3m out; structural 0.94."
100000008168850100,peripheral,0.35,11,0.43767,"Depth 4 boundary: KZT188k from 1 senders; downstream activity is unobserved, so no terminal conclusion."
100000008169544100,peripheral,0.300247,17,0.523471,"Peripheral pattern: 1 senders, 4 recipients, KZT180k observed flow; no stronger rule matched."
100000008172352100,coordinator,0.961527,42,0.816707,"Coordination signs: 3 senders, 7 recipients, KZT90k in/KZT290k out; structural 0.81."
100000008172721100,peripheral,0.35,2,0.410793,"Depth 4 boundary: KZT168k from 1 senders; downstream activity is unobserved, so no terminal conclusion."
100000008173359100,peripheral,0.594213,17,0.3252,"Peripheral pattern: 1 senders, 0 recipients, KZT6k observed flow; no stronger rule matched."
100000008174521100,peripheral,0.488448,17,0.473324,"Peripheral pattern: 1 senders, 0 recipients, KZT82k observed flow; no stronger rule matched."
100000008175078100,peripheral,0.267721,21,0.503467,"Depth 4 boundary: KZT1.8m from 1 senders; downstream activity is unobserved, so no terminal conclusion."
100000008183752100,peripheral,0.35,36,0.41511,"Depth 4 boundary: KZT140k from 1 senders; downstream activity is unobserved, so no terminal conclusion."
100000008188026100,peripheral,0.289255,5,0.570096,"Peripheral pattern: 2 senders, 4 recipients, KZT424k observed flow; no stronger rule matched."
100000008190411100,peripheral,0.35,51,0.450819,"Depth 4 boundary: KZT198k from 1 senders; downstream activity is unobserved, so no terminal conclusion."
100000008190442100,peripheral,0.594213,23,0.255093,"Peripheral pattern: 1 senders, 0 recipients, KZT13k observed flow; no stronger rule matched."
100000008192264100,transit,0.742569,11,0.642529,Pass-through signs: 115% sent onward; 87% outgoing value within 0-2 days; hypothesis only.
100000008193258100,peripheral,0.402086,29,0.457414,"Peripheral pattern: 1 senders, 1 recipients, KZT105k observed flow; no stronger rule matched."
100000008193577100,distributor,0.934294,10,0.687435,"Distribution signs: 5 recipients, KZT480k out in 16 tx; investigation hypothesis."
100000008200810100,terminal,0.944262,25,0.600024,Observed depth 3: KZT475k retained (100%) with 0 recipients; terminal-behavior hypothesis.
100000008205000100,peripheral,0.4,88,0.171052,Seed: 0 recipients and KZT0 observed out; incoming flow is incomplete; investigation hypothesis only.
100000008205937100,peripheral,0.580978,13,0.486745,"Peripheral pattern: 1 senders, 0 recipients, KZT35k observed flow; no stronger rule matched."
100000008213966100,consolidator,0.864385,16,0.792124,"Consolidation signs: 3 senders, KZT187k in, 1 recipients; investigation hypothesis."
100000008219168100,peripheral,0.526806,3,0.391494,"Peripheral pattern: 1 senders, 0 recipients, KZT53k observed flow; no stronger rule matched."
100000008221543100,terminal,0.959176,29,0.739645,Observed depth 1: KZT542k retained (100%) with 0 recipients; terminal-behavior hypothesis.
100000008221765100,peripheral,0.35,11,0.413779,"Depth 4 boundary: KZT156k from 1 senders; downstream activity is unobserved, so no terminal conclusion."
100000008223661100,distributor,0.901009,43,0.729093,"Distribution signs: 5 recipients, KZT263k out in 5 tx; investigation hypothesis."
100000008223756100,terminal,0.913711,2,0.673008,Observed depth 3: KZT332k retained (100%) with 0 recipients; terminal-behavior hypothesis.
100000008229700100,peripheral,0.402086,9,0.317654,"Peripheral pattern: 1 senders, 1 recipients, KZT31k observed flow; no stronger rule matched."
100000008232832100,peripheral,0.323912,43,0.579512,"Peripheral pattern: 1 senders, 1 recipients, KZT475k observed flow; no stronger rule matched."
100000008237827100,peripheral,0.566061,4,0.468638,"Peripheral pattern: 1 senders, 0 recipients, KZT40k observed flow; no stronger rule matched."
100000008238112100,terminal,0.842415,11,0.571151,Observed depth 3: KZT190k retained (100%) with 0 recipients; terminal-behavior hypothesis.
100000008238989100,terminal,0.852736,30,0.626353,Observed depth 2: KZT200k retained (100%) with 0 recipients; terminal-behavior hypothesis.
100000008244300100,peripheral,0.300247,11,0.496553,"Peripheral pattern: 5 senders, 0 recipients, KZT65k observed flow; no stronger rule matched."
100000008251939100,peripheral,0.35,19,0.316253,"Depth 4 boundary: KZT44k from 1 senders; downstream activity is unobserved, so no terminal conclusion."
100000008254069100,distributor,0.85951,50,0.671541,"Distribution signs: 5 recipients, KZT108k out in 6 tx; investigation hypothesis."
100000008254576100,peripheral,0.402086,39,0.430072,"Peripheral pattern: 1 senders, 1 recipients, KZT68k observed flow; no stronger rule matched."
100000008255655100,peripheral,0.35,29,0.238969,"Depth 4 boundary: KZT5k from 1 senders; downstream activity is unobserved, so no terminal conclusion."
100000008258083100,transit,0.590672,34,0.748427,Pass-through signs: 65% sent onward; 76% outgoing value within 0-2 days; hypothesis only.
100000008258458100,peripheral,0.271983,71,0.574876,"Peripheral pattern: 1 senders, 2 recipients, KZT1.6m observed flow; no stronger rule matched."
100000008259451100,peripheral,0.522544,41,0.428433,"Peripheral pattern: 1 senders, 0 recipients, KZT55k observed flow; no stronger rule matched."
100000008279405100,terminal,0.874518,2,0.626654,Observed depth 3: KZT235k retained (100%) with 0 recipients; terminal-behavior hypothesis.
100000008283183100,peripheral,0.594213,23,0.339714,"Peripheral pattern: 1 senders, 0 recipients, KZT29k observed flow; no stronger rule matched."
100000008289539100,peripheral,0.594213,5,0.347308,"Peripheral pattern: 1 senders, 0 recipients, KZT15k observed flow; no stronger rule matched."
100000008293431100,distributor,0.909438,1,0.660949,"Distribution signs: 5 recipients, KZT297k out in 7 tx; investigation hypothesis."
100000008295429100,terminal,0.919166,11,0.628106,Observed depth 3: KZT352k retained (100%) with 0 recipients; terminal-behavior hypothesis.
100000008297199100,peripheral,0.561799,1,0.41037,"Peripheral pattern: 1 senders, 0 recipients, KZT42k observed flow; no stronger rule matched."
100000008304115100,peripheral,0.532974,9,0.381873,"Peripheral pattern: 1 senders, 0 recipients, KZT51k observed flow; no stronger rule matched."
100000008304139100,coordinator,0.959337,4,0.822941,"Coordination signs: 4 senders, 24 recipients, KZT189k in/KZT1.7m out; structural 0.81."
100000008306857100,terminal,0.788721,25,0.479195,Observed depth 3: KZT125k retained (100%) with 0 recipients; terminal-behavior hypothesis.
100000008308418100,peripheral,0.35,1,0.344278,"Depth 4 boundary: KZT50k from 1 senders; downstream activity is unobserved, so no terminal conclusion."
100000008309514100,peripheral,0.594213,23,0.273701,"Peripheral pattern: 1 senders, 0 recipients, KZT17k observed flow; no stronger rule matched."
100000008314203100,peripheral,0.301817,43,0.613892,Seed: 2 recipients and KZT327k observed out; incoming flow is incomplete; investigation hypothesis only.
100000008314863100,peripheral,0.594213,4,0.388805,"Peripheral pattern: 1 senders, 0 recipients, KZT12k observed flow; no stronger rule matched."
100000008321975100,peripheral,0.35,33,0.220413,"Depth 4 boundary: KZT6k from 1 senders; downstream activity is unobserved, so no terminal conclusion."
100000008324800100,consolidator,0.913342,86,0.8038,"Consolidation signs: 3 senders, KZT526k in, 1 recipients; investigation hypothesis."
100000008327791100,peripheral,0.35,29,0.259163,"Depth 4 boundary: KZT11k from 1 senders; downstream activity is unobserved, so no terminal conclusion."
100000008331280100,peripheral,0.35,15,0.336003,"Depth 4 boundary: KZT41k from 1 senders; downstream activity is unobserved, so no terminal conclusion."
100000008332511100,terminal,0.759668,3,0.575711,Observed depth 3: KZT100k retained (100%) with 0 recipients; terminal-behavior hypothesis.
100000008333492100,peripheral,0.35,61,0.446917,"Depth 4 boundary: KZT216k from 1 senders; downstream activity is unobserved, so no terminal conclusion."
100000008335401100,terminal,0.812317,19,0.641375,Observed depth 2: KZT150k retained (100%) with 0 recipients; terminal-behavior hypothesis.
100000008336318100,peripheral,0.35,6,0.415554,"Depth 4 boundary: KZT170k from 1 senders; downstream activity is unobserved, so no terminal conclusion."
100000008337304100,peripheral,0.35,2,0.400254,"Depth 4 boundary: KZT105k from 1 senders; downstream activity is unobserved, so no terminal conclusion."
100000008343415100,peripheral,0.35,2,0.407822,"Depth 4 boundary: KZT100k from 1 senders; downstream activity is unobserved, so no terminal conclusion."
100000008343874100,transit,0.516645,2,0.64087,Pass-through signs: 62% sent onward; 81% outgoing value within 0-2 days; hypothesis only.
100000008346837100,coordinator,1.0,13,0.868223,"Coordination signs: 9 senders, 25 recipients, KZT254k in/KZT1.3m out; structural 0.94."
100000008349675100,transit,0.496528,3,0.427489,Pass-through signs: 79% sent onward; 50% outgoing value within 0-2 days; hypothesis only.
100000008349740100,peripheral,0.35,21,0.354801,"Depth 4 boundary: KZT70k from 1 senders; downstream activity is unobserved, so no terminal conclusion."
100000008352542100,peripheral,0.534432,4,0.481531,"Peripheral pattern: 1 senders, 0 recipients, KZT50k observed flow; no stronger rule matched."
100000008356606100,terminal,0.829322,13,0.646071,Observed depth 2: KZT168k retained (100%) with 0 recipients; terminal-behavior hypothesis.
100000008376089100,terminal,0.796176,34,0.564032,Observed depth 2: KZT135k retained (100%) with 0 recipients; terminal-behavior hypothesis.
100000008376785100,peripheral,0.35,11,0.448487,"Depth 4 boundary: KZT234k from 1 senders; downstream activity is unobserved, so no terminal conclusion."
100000008379273100,peripheral,0.289255,19,0.451306,"Peripheral pattern: 2 senders, 4 recipients, KZT74k observed flow; no stronger rule matched."
100000008383405100,peripheral,0.594213,22,0.366477,"Peripheral pattern: 1 senders, 0 recipients, KZT25k observed flow; no stronger rule matched."
100000008388049100,terminal,0.950173,25,0.604159,Observed depth 3: KZT496k retained (100%) with 0 recipients; terminal-behavior hypothesis.
100000008389800100,coordinator,0.974891,17,0.79927,"Coordination signs: 3 senders, 7 recipients, KZT189k in/KZT402k out; structural 0.84."
100000008405209100,peripheral,0.52389,29,0.421956,"Peripheral pattern: 1 senders, 0 recipients, KZT54k observed flow; no stronger rule matched."
100000008406609100,peripheral,0.584118,50,0.449188,"Peripheral pattern: 1 senders, 0 recipients, KZT34k observed flow; no stronger rule matched."
100000008413748100,distributor,0.969308,29,0.818358,"Distribution signs: 18 recipients, KZT1.4m out in 21 tx; investigation hypothesis."
100000008416433100,peripheral,0.594213,41,0.35674,"Peripheral pattern: 1 senders, 0 recipients, KZT20k observed flow; no stronger rule matched."
100000008417029100,terminal,0.759668,6,0.548994,Observed depth 3: KZT100k retained (100%) with 0 recipients; terminal-behavior hypothesis.
100000008417359100,peripheral,0.345222,29,0.502567,"Peripheral pattern: 1 senders, 2 recipients, KZT152k observed flow; no stronger rule matched."
100000008418835100,peripheral,0.272656,5,0.5836,Seed: 4 recipients and KZT186k observed out; incoming flow is incomplete; investigation hypothesis only.
100000008418934100,terminal,0.921895,6,0.58915,Observed depth 2: KZT360k retained (100%) with 0 recipients; terminal-behavior hypothesis.
100000008422226100,peripheral,0.479924,1,0.432327,"Peripheral pattern: 1 senders, 0 recipients, KZT87k observed flow; no stronger rule matched."
100000008427027100,terminal,0.904162,4,0.676929,Observed depth 3: KZT300k retained (100%) with 0 recipients; terminal-behavior hypothesis.
100000008430691100,peripheral,0.30563,85,0.601725,"Peripheral pattern: 1 senders, 2 recipients, KZT625k observed flow; no stronger rule matched."
100000008432942100,peripheral,0.557313,1,0.415571,"Peripheral pattern: 1 senders, 0 recipients, KZT45k observed flow; no stronger rule matched."
100000008436257100,peripheral,0.402086,29,0.390529,"Peripheral pattern: 2 senders, 0 recipients, KZT35k observed flow; no stronger rule matched."
100000008438656100,peripheral,0.345222,4,0.579572,"Peripheral pattern: 2 senders, 1 recipients, KZT85k observed flow; no stronger rule matched."
100000008443341100,transit,0.336139,9,0.567492,Pass-through signs: 145% sent onward; 62% outgoing value within 0-2 days; hypothesis only.
100000008454065100,peripheral,0.594213,41,0.373103,"Peripheral pattern: 1 senders, 0 recipients, KZT24k observed flow; no stronger rule matched."
100000008459449100,peripheral,0.525908,1,0.425826,"Peripheral pattern: 1 senders, 0 recipients, KZT54k observed flow; no stronger rule matched."
100000008460102100,distributor,0.933862,47,0.680187,"Distribution signs: 31 recipients, KZT477k out in 34 tx; investigation hypothesis."
100000008461217100,peripheral,0.35,48,0.316374,"Depth 4 boundary: KZT18k from 1 senders; downstream activity is unobserved, so no terminal conclusion."
100000008461532100,coordinator,0.9,15,0.8526,"Coordination signs: 2 senders, 8 recipients, KZT565k in/KZT2.5m out; structural 0.91."
100000008463968100,peripheral,0.594213,23,0.24275,"Peripheral pattern: 1 senders, 0 recipients, KZT10k observed flow; no stronger rule matched."
100000008465789100,distributor,0.979683,43,0.804817,"Distribution signs: 16 recipients, KZT1.9m out in 17 tx; investigation hypothesis."
100000008466579100,distributor,0.980764,43,0.817722,"Distribution signs: 17 recipients, KZT1.9m out in 20 tx; investigation hypothesis."
100000008468762100,terminal,0.831278,36,0.621589,Observed depth 3: KZT170k retained (100%) with 0 recipients; terminal-behavior hypothesis.
100000008469048100,peripheral,0.35,1,0.470619,"Depth 4 boundary: KZT265k from 1 senders; downstream activity is unobserved, so no terminal conclusion."
100000008470470100,peripheral,0.585801,23,0.360685,"Peripheral pattern: 1 senders, 0 recipients, KZT34k observed flow; no stronger rule matched."
100000008471634100,peripheral,0.35,14,0.29519,"Depth 4 boundary: KZT20k from 1 senders; downstream activity is unobserved, so no terminal conclusion."
100000008472324100,terminal,0.859694,11,0.582209,Observed depth 3: KZT205k retained (100%) with 0 recipients; terminal-behavior hypothesis.
100000008473207100,terminal,0.85783,4,0.68677,Observed depth 2: KZT202k retained (100%) with 0 recipients; terminal-behavior hypothesis.
100000008473765100,peripheral,0.594213,2,0.390142,"Peripheral pattern: 1 senders, 0 recipients, KZT30k observed flow; no stronger rule matched."
100000008474308100,peripheral,0.402086,9,0.38056,"Peripheral pattern: 1 senders, 1 recipients, KZT24k observed flow; no stronger rule matched."
100000008474391100,peripheral,0.594213,30,0.38306,"Peripheral pattern: 1 senders, 0 recipients, KZT20k observed flow; no stronger rule matched."
100000008477350100,coordinator,1.0,1,0.865895,"Coordination signs: 11 senders, 39 recipients, KZT610k in/KZT3.4m out; structural 0.98."
100000008478414100,peripheral,0.594213,23,0.261747,"Peripheral pattern: 1 senders, 0 recipients, KZT10k observed flow; no stronger rule matched."
100000008486520100,peripheral,0.402086,17,0.430608,"Peripheral pattern: 1 senders, 1 recipients, KZT50k observed flow; no stronger rule matched."
100000008488166100,peripheral,0.594213,23,0.227305,"Peripheral pattern: 1 senders, 0 recipients, KZT6k observed flow; no stronger rule matched."
100000008489604100,peripheral,0.594213,23,0.249082,"Peripheral pattern: 1 senders, 0 recipients, KZT11k observed flow; no stronger rule matched."
100000008489922100,coordinator,1.0,6,0.839374,"Coordination signs: 3 senders, 36 recipients, KZT262k in/KZT3.8m out; structural 0.93."
100000008490127100,distributor,0.957637,11,0.738266,"Distribution signs: 6 recipients, KZT923k out in 9 tx; investigation hypothesis."
100000008491390100,peripheral,0.577613,1,0.390886,"Peripheral pattern: 1 senders, 0 recipients, KZT36k observed flow; no stronger rule matched."
100000008493007100,transit,0.849568,23,0.496175,Pass-through signs: 100% sent onward; 100% outgoing value within 0-2 days; hypothesis only.
100000008497298100,terminal,0.966132,6,0.626602,Observed depth 2: KZT600k retained (100%) with 0 recipients; terminal-behavior hypothesis.
100000008501413100,transit,0.784584,54,0.505145,Pass-through signs: 102% sent onward; 100% outgoing value within 0-2 days; hypothesis only.
100000008502995100,peripheral,0.594213,1,0.427946,"Peripheral pattern: 1 senders, 0 recipients, KZT25k observed flow; no stronger rule matched."
100000008503177100,peripheral,0.584904,2,0.397462,"Peripheral pattern: 1 senders, 0 recipients, KZT34k observed flow; no stronger rule matched."
100000008507703100,peripheral,0.594213,23,0.316569,"Peripheral pattern: 1 senders, 0 recipients, KZT28k observed flow; no stronger rule matched."
100000008512552100,coordinator,0.981157,29,0.858908,"Coordination signs: 4 senders, 6 recipients, KZT394k in/KZT1.3m out; structural 0.86."
100000008512827100,coordinator,0.946514,25,0.85637,"Coordination signs: 3 senders, 10 recipients, KZT108k in/KZT1.9m out; structural 0.78."
100000008513251100,peripheral,0.4,89,0.171052,Seed: 0 recipients and KZT0 observed out; incoming flow is incomplete; investigation hypothesis only.
100000008514970100,terminal,0.894683,2,0.640929,Observed depth 3: KZT349k retained (92%) with 1 recipients; terminal-behavior hypothesis.
100000008516839100,peripheral,0.345222,50,0.558546,Seed: 0 recipients and KZT0 observed out; incoming flow is incomplete; investigation hypothesis only.
100000008517061100,peripheral,0.267945,41,0.494065,"Depth 4 boundary: KZT1.8m from 1 senders; downstream activity is unobserved, so no terminal conclusion."
100000008517538100,coordinator,0.931611,6,0.804187,"Coordination signs: 3 senders, 17 recipients, KZT156k in/KZT1.4m out; structural 0.75."
100000008522127100,peripheral,0.4,60,0.392523,Seed: 1 recipients and KZT145k observed out; incoming flow is incomplete; investigation hypothesis only.
100000008524903100,peripheral,0.35,1,0.257468,"Depth 4 boundary: KZT15k from 1 senders; downstream activity is unobserved, so no terminal conclusion."
100000008525136100,peripheral,0.35,1,0.229246,"Depth 4 boundary: KZT14k from 1 senders; downstream activity is unobserved, so no terminal conclusion."
100000008531133100,peripheral,0.315612,17,0.541785,"Peripheral pattern: 1 senders, 3 recipients, KZT183k observed flow; no stronger rule matched."
100000008531186100,terminal,0.788721,4,0.594027,Observed depth 2: KZT125k retained (100%) with 0 recipients; terminal-behavior hypothesis.
100000008532050100,terminal,0.940987,11,0.6485,Observed depth 3: KZT455k retained (100%) with 0 recipients; terminal-behavior hypothesis.
100000008536546100,terminal,0.883474,36,0.657978,Observed depth 3: KZT250k retained (100%) with 0 recipients; terminal-behavior hypothesis.
100000008537380100,peripheral,0.594213,23,0.234293,"Peripheral pattern: 1 senders, 0 recipients, KZT8k observed flow; no stronger rule matched."
100000008545727100,distributor,0.980115,19,0.851786,"Distribution signs: 6 recipients, KZT1.9m out in 7 tx; investigation hypothesis."
100000008546855100,peripheral,0.275348,44,0.565517,"Peripheral pattern: 6 senders, 2 recipients, KZT82k observed flow; no stronger rule matched."
100000008547295100,peripheral,0.594213,3,0.303884,"Peripheral pattern: 1 senders, 0 recipients, KZT15k observed flow; no stronger rule matched."
100000008547844100,coordinator,0.975932,43,0.838524,"Coordination signs: 3 senders, 19 recipients, KZT178k in/KZT2.0m out; structural 0.85."
100000008547948100,coordinator,0.994279,6,0.845612,"Coordination signs: 6 senders, 26 recipients, KZT213k in/KZT5.2m out; structural 0.89."
100000008548853100,peripheral,0.594213,23,0.257938,"Peripheral pattern: 1 senders, 0 recipients, KZT14k observed flow; no stronger rule matched."
100000008551752100,peripheral,0.337035,66,0.459661,"Depth 4 boundary: KZT406k from 1 senders; downstream activity is unobserved, so no terminal conclusion."
100000008554390100,peripheral,0.35,47,0.170313,"Depth 4 boundary: KZT14k from 1 senders; downstream activity is unobserved, so no terminal conclusion."
100000008555233100,terminal,0.936258,36,0.680983,Observed depth 3: KZT441k retained (100%) with 0 recipients; terminal-behavior hypothesis.
100000008555918100,peripheral,0.345222,4,0.566321,"Peripheral pattern: 1 senders, 2 recipients, KZT183k observed flow; no stronger rule matched."
100000008556318100,terminal,0.836141,4,0.697247,Observed depth 1: KZT180k retained (100%) with 0 recipients; terminal-behavior hypothesis.
100000008557672100,peripheral,0.542956,23,0.369962,"Peripheral pattern: 1 senders, 0 recipients, KZT49k observed flow; no stronger rule matched."
100000008560263100,peripheral,0.35,11,0.373239,"Depth 4 boundary: KZT100k from 1 senders; downstream activity is unobserved, so no terminal conclusion."
100000008560717100,consolidator,0.913478,11,0.733457,"Consolidation signs: 7 senders, KZT529k in, 1 recipients; investigation hypothesis."
100000008561016100,transit,0.899496,6,0.73432,Pass-through signs: 103% sent onward; 100% outgoing value within 0-2 days; hypothesis only.
100000008566737100,terminal,0.871608,1,0.706602,Observed depth 1: KZT230k retained (100%) with 0 recipients; terminal-behavior hypothesis.
100000008568512100,terminal,0.849689,11,0.57621,Observed depth 3: KZT200k retained (100%) with 0 recipients; terminal-behavior hypothesis.
100000008571243100,terminal,0.795494,19,0.572652,Observed depth 3: KZT134k retained (100%) with 0 recipients; terminal-behavior hypothesis.
100000008571433100,peripheral,0.269291,59,0.531676,Seed: 2 recipients and KZT1.4m observed out; incoming flow is incomplete; investigation hypothesis only.
100000008571443100,peripheral,0.402086,13,0.461396,"Peripheral pattern: 2 senders, 0 recipients, KZT65k observed flow; no stronger rule matched."
100000008575624100,peripheral,0.345222,72,0.380345,Seed: 3 recipients and KZT90k observed out; incoming flow is incomplete; investigation hypothesis only.
100000008576243100,peripheral,0.402086,1,0.503497,"Peripheral pattern: 2 senders, 0 recipients, KZT83k observed flow; no stronger rule matched."
100000008576528100,peripheral,0.594213,11,0.374473,"Peripheral pattern: 1 senders, 0 recipients, KZT28k observed flow; no stronger rule matched."
100000008579978100,peripheral,0.402086,11,0.472795,"Peripheral pattern: 1 senders, 1 recipients, KZT111k observed flow; no stronger rule matched."
100000008582730100,transit,0.802584,44,0.48595,Pass-through signs: 100% sent onward; 100% outgoing value within 0-2 days; hypothesis only.
100000008583360100,peripheral,0.366869,19,0.499232,"Peripheral pattern: 1 senders, 1 recipients, KZT283k observed flow; no stronger rule matched."
100000008583971100,peripheral,0.35,1,0.372565,"Depth 4 boundary: KZT51k from 2 senders; downstream activity is unobserved, so no terminal conclusion."
100000008586731100,peripheral,0.594213,9,0.281318,"Peripheral pattern: 1 senders, 0 recipients, KZT12k observed flow; no stronger rule matched."
100000008587459100,peripheral,0.292844,1,0.542023,"Peripheral pattern: 2 senders, 2 recipients, KZT868k observed flow; no stronger rule matched."
100000008588665100,peripheral,0.35,1,0.29325,"Depth 4 boundary: KZT25k from 1 senders; downstream activity is unobserved, so no terminal conclusion."
100000008595687100,peripheral,0.402086,17,0.53394,"Peripheral pattern: 1 senders, 1 recipients, KZT75k observed flow; no stronger rule matched."
100000008596924100,terminal,0.759668,3,0.47477,Observed depth 3: KZT100k retained (100%) with 0 recipients; terminal-behavior hypothesis.
100000008598972100,terminal,0.786311,2,0.469437,Observed depth 3: KZT120k retained (100%) with 0 recipients; terminal-behavior hypothesis.
100000008599354100,peripheral,0.390197,1,0.50051,"Peripheral pattern: 1 senders, 1 recipients, KZT215k observed flow; no stronger rule matched."
100000008601794100,peripheral,0.277142,40,0.531542,Seed: 1 recipients and KZT871k observed out; incoming flow is incomplete; investigation hypothesis only.
100000008603331100,distributor,0.951153,43,0.794804,"Distribution signs: 6 recipients, KZT742k out in 6 tx; investigation hypothesis."
100000008603629100,coordinator,1.0,2,0.892735,"Coordination signs: 19 senders, 61 recipients, KZT1.8m in/KZT5.0m out; structural 0.98."
100000008612257100,peripheral,0.594213,29,0.305664,"Peripheral pattern: 1 senders, 0 recipients, KZT10k observed flow; no stronger rule matched."
100000008619159100,peripheral,0.330529,71,0.463089,"Depth 4 boundary: KZT446k from 1 senders; downstream activity is unobserved, so no terminal conclusion."
100000008619857100,peripheral,0.345222,1,0.39927,"Peripheral pattern: 1 senders, 2 recipients, KZT42k observed flow; no stronger rule matched."
100000008620570100,peripheral,0.315612,2,0.523256,"Peripheral pattern: 2 senders, 2 recipients, KZT177k observed flow; no stronger rule matched."
100000008624978100,terminal,0.773626,36,0.569493,Observed depth 2: KZT109k retained (100%) with 0 recipients; terminal-behavior hypothesis.
100000008625905100,peripheral,0.293966,46,0.56677,"Peripheral pattern: 1 senders, 2 recipients, KZT833k observed flow; no stronger rule matched."
100000008628231100,peripheral,0.303163,75,0.621012,"Peripheral pattern: 1 senders, 2 recipients, KZT678k observed flow; no stronger rule matched."
100000008628818100,peripheral,0.35,19,0.32055,"Depth 4 boundary: KZT46k from 1 senders; downstream activity is unobserved, so no terminal conclusion."
100000008629504100,peripheral,0.35,1,0.266278,"Depth 4 boundary: KZT20k from 1 senders; downstream activity is unobserved, so no terminal conclusion."
100000008629581100,peripheral,0.524114,4,0.459909,"Peripheral pattern: 1 senders, 0 recipients, KZT54k observed flow; no stronger rule matched."
100000008631800100,peripheral,0.35,47,0.166719,"Depth 4 boundary: KZT13k from 1 senders; downstream activity is unobserved, so no terminal conclusion."
100000008632060100,distributor,0.917003,1,0.693248,"Distribution signs: 9 recipients, KZT339k out in 12 tx; investigation hypothesis."
100000008633099100,peripheral,0.402086,3,0.370892,"Peripheral pattern: 1 senders, 1 recipients, KZT33k observed flow; no stronger rule matched."
100000008634520100,peripheral,0.476223,43,0.453443,"Peripheral pattern: 1 senders, 0 recipients, KZT90k observed flow; no stronger rule matched."
100000008636603100,distributor,0.877666,9,0.718328,"Distribution signs: 6 recipients, KZT159k out in 7 tx; investigation hypothesis."
100000008637537100,peripheral,0.2583,43,0.67574,Seed: 3 recipients and KZT2.4m observed out; incoming flow is incomplete; investigation hypothesis only.
100000008638859100,peripheral,0.35,44,0.346768,"Depth 4 boundary: KZT34k from 1 senders; downstream activity is unobserved, so no terminal conclusion."
100000008647905100,peripheral,0.339951,44,0.59845,"Peripheral pattern: 1 senders, 2 recipients, KZT394k observed flow; no stronger rule matched."
100000008648783100,peripheral,0.35,47,0.134819,"Depth 4 boundary: KZT5k from 1 senders; downstream activity is unobserved, so no terminal conclusion."
100000008649416100,peripheral,0.35,29,0.236357,"Depth 4 boundary: KZT5k from 1 senders; downstream activity is unobserved, so no terminal conclusion."
100000008650785100,peripheral,0.315612,17,0.580234,Seed: 2 recipients and KZT120k observed out; incoming flow is incomplete; investigation hypothesis only.
100000008652094100,peripheral,0.580978,1,0.389517,"Peripheral pattern: 1 senders, 0 recipients, KZT35k observed flow; no stronger rule matched."
100000008653041100,peripheral,0.594213,23,0.31518,"Peripheral pattern: 1 senders, 0 recipients, KZT28k observed flow; no stronger rule matched."
100000008654653100,peripheral,0.4,17,0.319307,Seed: 1 recipients and KZT54k observed out; incoming flow is incomplete; investigation hypothesis only.
100000008655035100,peripheral,0.594213,3,0.381786,"Peripheral pattern: 1 senders, 0 recipients, KZT30k observed flow; no stronger rule matched."
100000008655779100,peripheral,0.345222,16,0.460104,"Peripheral pattern: 1 senders, 2 recipients, KZT72k observed flow; no stronger rule matched."
100000008656043100,peripheral,0.594213,23,0.332929,"Peripheral pattern: 1 senders, 0 recipients, KZT26k observed flow; no stronger rule matched."
100000008659445100,peripheral,0.281404,10,0.53794,Seed: 4 recipients and KZT875k observed out; incoming flow is incomplete; investigation hypothesis only.
100000008659950100,terminal,0.881565,43,0.624261,Observed depth 3: KZT246k retained (100%) with 0 recipients; terminal-behavior hypothesis.
100000008661550100,peripheral,0.594213,23,0.295015,"Peripheral pattern: 1 senders, 0 recipients, KZT23k observed flow; no stronger rule matched."
100000008661585100,peripheral,0.560453,23,0.372483,"Peripheral pattern: 1 senders, 0 recipients, KZT43k observed flow; no stronger rule matched."
100000008662216100,peripheral,0.594213,23,0.311106,"Peripheral pattern: 1 senders, 0 recipients, KZT26k observed flow; no stronger rule matched."
100000008662805100,peripheral,0.594213,23,0.270921,"Peripheral pattern: 1 senders, 0 recipients, KZT16k observed flow; no stronger rule matched."
100000008663007100,peripheral,0.594213,23,0.28937,"Peripheral pattern: 1 senders, 0 recipients, KZT14k observed flow; no stronger rule matched."
100000008663723100,peripheral,0.594213,23,0.266662,"Peripheral pattern: 1 senders, 0 recipients, KZT16k observed flow; no stronger rule matched."
100000008664469100,peripheral,0.594213,4,0.436222,"Peripheral pattern: 1 senders, 0 recipients, KZT25k observed flow; no stronger rule matched."
100000008664774100,peripheral,0.594213,23,0.270005,"Peripheral pattern: 1 senders, 0 recipients, KZT16k observed flow; no stronger rule matched."
100000008665380100,peripheral,0.345222,1,0.523558,"Peripheral pattern: 2 senders, 1 recipients, KZT87k observed flow; no stronger rule matched."
100000008666075100,peripheral,0.594213,23,0.344071,"Peripheral pattern: 1 senders, 0 recipients, KZT26k observed flow; no stronger rule matched."
100000008667058100,peripheral,0.594213,23,0.307393,"Peripheral pattern: 1 senders, 0 recipients, KZT18k observed flow; no stronger rule matched."
100000008667795100,peripheral,0.584118,23,0.328973,"Peripheral pattern: 1 senders, 0 recipients, KZT34k observed flow; no stronger rule matched."
100000008667799100,peripheral,0.584118,23,0.328973,"Peripheral pattern: 1 senders, 0 recipients, KZT34k observed flow; no stronger rule matched."
100000008668099100,peripheral,0.594213,23,0.267478,"Peripheral pattern: 1 senders, 0 recipients, KZT16k observed flow; no stronger rule matched."
100000008669037100,peripheral,0.4,90,0.171052,Seed: 0 recipients and KZT0 observed out; incoming flow is incomplete; investigation hypothesis only.
100000008669310100,peripheral,0.516712,1,0.43287,"Peripheral pattern: 1 senders, 0 recipients, KZT60k observed flow; no stronger rule matched."
100000008670667100,peripheral,0.594213,23,0.297856,"Peripheral pattern: 1 senders, 0 recipients, KZT16k observed flow; no stronger rule matched."
100000008671026100,peripheral,0.594213,23,0.330027,"Peripheral pattern: 1 senders, 0 recipients, KZT24k observed flow; no stronger rule matched."
100000008671081100,peripheral,0.574809,23,0.333415,"Peripheral pattern: 1 senders, 0 recipients, KZT37k observed flow; no stronger rule matched."
100000008671129100,peripheral,0.594213,23,0.311106,"Peripheral pattern: 1 senders, 0 recipients, KZT26k observed flow; no stronger rule matched."
100000008671929100,peripheral,0.496299,4,0.516547,"Peripheral pattern: 1 senders, 0 recipients, KZT75k observed flow; no stronger rule matched."
100000008672162100,peripheral,0.594213,23,0.298362,"Peripheral pattern: 1 senders, 0 recipients, KZT16k observed flow; no stronger rule matched."
100000008672200100,peripheral,0.594213,23,0.266376,"Peripheral pattern: 1 senders, 0 recipients, KZT9k observed flow; no stronger rule matched."
100000008672480100,peripheral,0.594213,23,0.275281,"Peripheral pattern: 1 senders, 0 recipients, KZT13k observed flow; no stronger rule matched."
100000008672493100,peripheral,0.594213,23,0.257938,"Peripheral pattern: 1 senders, 0 recipients, KZT14k observed flow; no stronger rule matched."
100000008672603100,peripheral,0.594213,4,0.395647,"Peripheral pattern: 1 senders, 0 recipients, KZT21k observed flow; no stronger rule matched."
100000008672762100,peripheral,0.594213,23,0.275281,"Peripheral pattern: 1 senders, 0 recipients, KZT13k observed flow; no stronger rule matched."
100000008673001100,peripheral,0.4,50,0.38733,Seed: 0 recipients and KZT0 observed out; incoming flow is incomplete; investigation hypothesis only.
100000008675322100,peripheral,0.35,21,0.459272,"Depth 4 boundary: KZT340k from 1 senders; downstream activity is unobserved, so no terminal conclusion."
100000008676812100,terminal,0.872336,44,0.617555,Observed depth 3: KZT231k retained (100%) with 0 recipients; terminal-behavior hypothesis.
100000008677215100,peripheral,0.594213,30,0.323252,"Peripheral pattern: 1 senders, 0 recipients, KZT9k observed flow; no stronger rule matched."
100000008677368100,peripheral,0.35,3,0.264721,"Depth 4 boundary: KZT14k from 1 senders; downstream activity is unobserved, so no terminal conclusion."
100000008677518100,peripheral,0.544302,23,0.346817,"Peripheral pattern: 1 senders, 0 recipients, KZT49k observed flow; no stronger rule matched."
100000008679986100,peripheral,0.594213,23,0.312798,"Peripheral pattern: 1 senders, 0 recipients, KZT19k observed flow; no stronger rule matched."
100000008680061100,peripheral,0.35,11,0.333597,"Depth 4 boundary: KZT41k from 1 senders; downstream activity is unobserved, so no terminal conclusion."
100000008680451100,peripheral,0.594213,23,0.330027,"Peripheral pattern: 1 senders, 0 recipients, KZT24k observed flow; no stronger rule matched."
100000008680731100,distributor,0.97147,9,0.662229,"Distribution signs: 27 recipients, KZT1.5m out in 28 tx; investigation hypothesis. Seed inflow incomplete."
100000008680912100,peripheral,0.402086,1,0.496848,"Peripheral pattern: 1 senders, 1 recipients, KZT51k observed flow; no stronger rule matched."
100000008682426100,peripheral,0.594213,41,0.35674,"Peripheral pattern: 1 senders, 0 recipients, KZT20k observed flow; no stronger rule matched."
100000008683818100,peripheral,0.594213,23,0.296118,"Peripheral pattern: 1 senders, 0 recipients, KZT17k observed flow; no stronger rule matched."
100000008684452100,peripheral,0.531068,23,0.352424,"Peripheral pattern: 1 senders, 0 recipients, KZT52k observed flow; no stronger rule matched."
100000008684767100,peripheral,0.591969,23,0.325363,"Peripheral pattern: 1 senders, 0 recipients, KZT31k observed flow; no stronger rule matched."
100000008684951100,peripheral,0.594213,23,0.273701,"Peripheral pattern: 1 senders, 0 recipients, KZT17k observed flow; no stronger rule matched."
100000008686214100,peripheral,0.594213,2,0.38152,"Peripheral pattern: 1 senders, 0 recipients, KZT25k observed flow; no stronger rule matched."
100000008686234100,peripheral,0.569201,1,0.433605,"Peripheral pattern: 1 senders, 0 recipients, KZT40k observed flow; no stronger rule matched."
100000008686247100,peripheral,0.402086,22,0.304612,"Peripheral pattern: 1 senders, 1 recipients, KZT27k observed flow; no stronger rule matched."
100000008686313100,coordinator,0.999791,1,0.892629,"Coordination signs: 6 senders, 7 recipients, KZT1.9m in/KZT334k out; structural 0.90."
100000008686494100,peripheral,0.594213,23,0.267478,"Peripheral pattern: 1 senders, 0 recipients, KZT16k observed flow; no stronger rule matched."
100000008687492100,peripheral,0.594213,23,0.283494,"Peripheral pattern: 1 senders, 0 recipients, KZT15k observed flow; no stronger rule matched."
100000008687617100,peripheral,0.560229,23,0.356533,"Peripheral pattern: 1 senders, 0 recipients, KZT43k observed flow; no stronger rule matched."
100000008687671100,peripheral,0.573912,23,0.36619,"Peripheral pattern: 1 senders, 0 recipients, KZT38k observed flow; no stronger rule matched."
100000008687733100,peripheral,0.594213,23,0.260225,"Peripheral pattern: 1 senders, 0 recipients, KZT15k observed flow; no stronger rule matched."
100000008687990100,peripheral,0.594213,23,0.276014,"Peripheral pattern: 1 senders, 0 recipients, KZT18k observed flow; no stronger rule matched."
100000008688109100,peripheral,0.594213,23,0.254421,"Peripheral pattern: 1 senders, 0 recipients, KZT13k observed flow; no stronger rule matched."
100000008688155100,peripheral,0.594213,23,0.298124,"Peripheral pattern: 1 senders, 0 recipients, KZT24k observed flow; no stronger rule matched."
100000008688476100,peripheral,0.594213,23,0.322516,"Peripheral pattern: 1 senders, 0 recipients, KZT24k observed flow; no stronger rule matched."
100000008688881100,peripheral,0.558883,23,0.363173,"Peripheral pattern: 1 senders, 0 recipients, KZT44k observed flow; no stronger rule matched."
100000008690762100,peripheral,0.594213,23,0.312475,"Peripheral pattern: 1 senders, 0 recipients, KZT27k observed flow; no stronger rule matched."
100000008690932100,peripheral,0.594213,23,0.328024,"Peripheral pattern: 1 senders, 0 recipients, KZT23k observed flow; no stronger rule matched."
100000008691027100,peripheral,0.594213,23,0.307393,"Peripheral pattern: 1 senders, 0 recipients, KZT18k observed flow; no stronger rule matched."
100000008691168100,peripheral,0.594213,23,0.322516,"Peripheral pattern: 1 senders, 0 recipients, KZT24k observed flow; no stronger rule matched."
100000008691330100,peripheral,0.594213,23,0.324638,"Peripheral pattern: 1 senders, 0 recipients, KZT21k observed flow; no stronger rule matched."
100000008691495100,peripheral,0.594213,23,0.345768,"Peripheral pattern: 1 senders, 0 recipients, KZT27k observed flow; no stronger rule matched."
100000008692291100,coordinator,0.901337,43,0.692128,"Coordination signs: 3 senders, 3 recipients, KZT160k in/KZT156k out; structural 0.68."
100000008693069100,peripheral,0.594213,23,0.317692,"Peripheral pattern: 1 senders, 0 recipients, KZT20k observed flow; no stronger rule matched."
100000008695133100,peripheral,0.576604,23,0.332581,"Peripheral pattern: 1 senders, 0 recipients, KZT37k observed flow; no stronger rule matched."
100000008695157100,peripheral,0.33367,2,0.475021,"Depth 4 boundary: KZT426k from 1 senders; downstream activity is unobserved, so no terminal conclusion."
100000008695495100,peripheral,0.594213,23,0.323293,"Peripheral pattern: 1 senders, 0 recipients, KZT21k observed flow; no stronger rule matched."
100000008695566100,peripheral,0.585128,23,0.328477,"Peripheral pattern: 1 senders, 0 recipients, KZT34k observed flow; no stronger rule matched."
100000008695689100,peripheral,0.594213,23,0.311106,"Peripheral pattern: 1 senders, 0 recipients, KZT26k observed flow; no stronger rule matched."
100000008696692100,peripheral,0.594213,23,0.302092,"Peripheral pattern: 1 senders, 0 recipients, KZT19k observed flow; no stronger rule matched."
100000008696919100,peripheral,0.589838,23,0.358892,"Peripheral pattern: 1 senders, 0 recipients, KZT32k observed flow; no stronger rule matched."
100000008697670100,peripheral,0.594213,23,0.30763,"Peripheral pattern: 1 senders, 0 recipients, KZT25k observed flow; no stronger rule matched."
100000008699083100,peripheral,0.35,25,0.425466,"Depth 4 boundary: KZT238k from 1 senders; downstream activity is unobserved, so no terminal conclusion."
100000008701222100,peripheral,0.4,91,0.171052,Seed: 0 recipients and KZT0 observed out; incoming flow is incomplete; investigation hypothesis only.
100000008701256100,peripheral,0.518282,1,0.446488,"Peripheral pattern: 1 senders, 0 recipients, KZT58k observed flow; no stronger rule matched."
100000008701944100,peripheral,0.530395,5,0.416638,"Peripheral pattern: 1 senders, 0 recipients, KZT52k observed flow; no stronger rule matched."
100000008703533100,peripheral,0.35,43,0.355863,"Depth 4 boundary: KZT75k from 1 senders; downstream activity is unobserved, so no terminal conclusion."
100000008706846100,peripheral,0.594213,23,0.259069,"Peripheral pattern: 1 senders, 0 recipients, KZT14k observed flow; no stronger rule matched."
100000008706947100,peripheral,0.594213,23,0.273701,"Peripheral pattern: 1 senders, 0 recipients, KZT17k observed flow; no stronger rule matched."
100000008707810100,peripheral,0.594213,23,0.311106,"Peripheral pattern: 1 senders, 0 recipients, KZT26k observed flow; no stronger rule matched."
100000008708025100,peripheral,0.594213,16,0.330828,"Peripheral pattern: 1 senders, 0 recipients, KZT10k observed flow; no stronger rule matched."
100000008708061100,peripheral,0.594213,23,0.236168,"Peripheral pattern: 1 senders, 0 recipients, KZT9k observed flow; no stronger rule matched."
100000008708207100,terminal,0.94226,6,0.71977,Observed depth 3: KZT465k retained (100%) with 0 recipients; terminal-behavior hypothesis.
100000008708368100,peripheral,0.594213,23,0.331217,"Peripheral pattern: 1 senders, 0 recipients, KZT24k observed flow; no stronger rule matched."
100000008708595100,peripheral,0.594213,23,0.273701,"Peripheral pattern: 1 senders, 0 recipients, KZT17k observed flow; no stronger rule matched."
100000008708743100,peripheral,0.594213,23,0.26623,"Peripheral pattern: 1 senders, 0 recipients, KZT16k observed flow; no stronger rule matched."
100000008710791100,coordinator,0.959431,6,0.867565,"Coordination signs: 3 senders, 23 recipients, KZT182k in/KZT5.5m out; structural 0.81."
100000008710843100,distributor,0.981844,36,0.794713,"Distribution signs: 13 recipients, KZT2.0m out in 14 tx; investigation hypothesis."
100000008710913100,peripheral,0.35,6,0.238555,"Depth 4 boundary: KZT14k from 1 senders; downstream activity is unobserved, so no terminal conclusion."
100000008712036100,peripheral,0.594213,23,0.291196,"Peripheral pattern: 1 senders, 0 recipients, KZT21k observed flow; no stronger rule matched."
100000008712184100,peripheral,0.594213,23,0.278024,"Peripheral pattern: 1 senders, 0 recipients, KZT18k observed flow; no stronger rule matched."
100000008712827100,peripheral,0.494729,23,0.369149,"Peripheral pattern: 1 senders, 0 recipients, KZT76k observed flow; no stronger rule matched."
100000008712991100,peripheral,0.506617,23,0.363597,"Peripheral pattern: 1 senders, 0 recipients, KZT66k observed flow; no stronger rule matched."
100000008713270100,peripheral,0.315612,3,0.470672,"Peripheral pattern: 1 senders, 3 recipients, KZT220k observed flow; no stronger rule matched."
100000008713685100,peripheral,0.542284,23,0.347777,"Peripheral pattern: 1 senders, 0 recipients, KZT50k observed flow; no stronger rule matched."
100000008714412100,terminal,0.829777,19,0.598436,Observed depth 3: KZT169k retained (100%) with 0 recipients; terminal-behavior hypothesis.
100000008715513100,peripheral,0.35,47,0.234795,"Depth 4 boundary: KZT32k from 1 senders; downstream activity is unobserved, so no terminal conclusion."
100000008715887100,peripheral,0.594213,23,0.278024,"Peripheral pattern: 1 senders, 0 recipients, KZT18k observed flow; no stronger rule matched."
100000008716072100,peripheral,0.594213,23,0.252062,"Peripheral pattern: 1 senders, 0 recipients, KZT12k observed flow; no stronger rule matched."
100000008716222100,peripheral,0.594213,23,0.310156,"Peripheral pattern: 1 senders, 0 recipients, KZT18k observed flow; no stronger rule matched."
100000008716439100,peripheral,0.594213,23,0.283296,"Peripheral pattern: 1 senders, 0 recipients, KZT12k observed flow; no stronger rule matched."
100000008716773100,peripheral,0.594213,23,0.29926,"Peripheral pattern: 1 senders, 0 recipients, KZT16k observed flow; no stronger rule matched."
100000008717340100,peripheral,0.563481,23,0.370955,"Peripheral pattern: 1 senders, 0 recipients, KZT42k observed flow; no stronger rule matched."
100000008717341100,peripheral,0.594213,23,0.291522,"Peripheral pattern: 1 senders, 0 recipients, KZT15k observed flow; no stronger rule matched."
100000008717375100,peripheral,0.594213,4,0.423312,"Peripheral pattern: 1 senders, 0 recipients, KZT30k observed flow; no stronger rule matched."
100000008717802100,peripheral,0.594213,23,0.309873,"Peripheral pattern: 1 senders, 0 recipients, KZT26k observed flow; no stronger rule matched."
100000008718089100,peripheral,0.594213,23,0.297856,"Peripheral pattern: 1 senders, 0 recipients, KZT16k observed flow; no stronger rule matched."
100000008718811100,peripheral,0.497869,23,0.367602,"Peripheral pattern: 1 senders, 0 recipients, KZT73k observed flow; no stronger rule matched."
100000008720668100,peripheral,0.594213,23,0.268891,"Peripheral pattern: 1 senders, 0 recipients, KZT16k observed flow; no stronger rule matched."
100000008720798100,peripheral,0.594213,23,0.297856,"Peripheral pattern: 1 senders, 0 recipients, KZT16k observed flow; no stronger rule matched."
100000008720856100,peripheral,0.402086,11,0.443948,"Peripheral pattern: 1 senders, 1 recipients, KZT64k observed flow; no stronger rule matched."
100000008721637100,peripheral,0.345222,3,0.489657,"Peripheral pattern: 1 senders, 2 recipients, KZT151k observed flow; no stronger rule matched."
100000008722328100,peripheral,0.594213,23,0.331217,"Peripheral pattern: 1 senders, 0 recipients, KZT24k observed flow; no stronger rule matched."
100000008722417100,peripheral,0.284096,11,0.575792,"Peripheral pattern: 1 senders, 3 recipients, KZT1.1m observed flow; no stronger rule matched."
100000008722541100,peripheral,0.35,11,0.4587,"Depth 4 boundary: KZT280k from 1 senders; downstream activity is unobserved, so no terminal conclusion."
100000008723830100,transit,0.945677,17,0.793979,Pass-through signs: 99% sent onward; 100% outgoing value within 0-2 days; hypothesis only.
100000008724279100,peripheral,0.594213,17,0.34555,"Peripheral pattern: 1 senders, 0 recipients, KZT12k observed flow; no stronger rule matched."
100000008724461100,transit,0.643113,6,0.633844,Pass-through signs: 130% sent onward; 100% outgoing value within 0-2 days; hypothesis only.
100000008727982100,peripheral,0.35,49,0.264538,"Depth 4 boundary: KZT30k from 1 senders; downstream activity is unobserved, so no terminal conclusion."
100000008728457100,peripheral,0.554957,12,0.449144,"Peripheral pattern: 1 senders, 0 recipients, KZT45k observed flow; no stronger rule matched."
100000008729597100,peripheral,0.486653,2,0.441823,"Peripheral pattern: 1 senders, 0 recipients, KZT83k observed flow; no stronger rule matched."
100000008729801100,peripheral,0.594213,23,0.307393,"Peripheral pattern: 1 senders, 0 recipients, KZT18k observed flow; no stronger rule matched."
100000008730021100,peripheral,0.495402,5,0.453351,"Peripheral pattern: 1 senders, 0 recipients, KZT76k observed flow; no stronger rule matched."
100000008730238100,peripheral,0.35,43,0.410595,"Depth 4 boundary: KZT113k from 1 senders; downstream activity is unobserved, so no terminal conclusion."
100000008730371100,terminal,0.955947,1,0.727566,Observed depth 3: KZT520k retained (100%) with 0 recipients; terminal-behavior hypothesis.
100000008730846100,coordinator,0.979743,12,0.841148,"Coordination signs: 7 senders, 3 recipients, KZT155k in/KZT363k out; structural 0.85."
100000008731444100,coordinator,0.949705,1,0.811893,"Coordination signs: 3 senders, 9 recipients, KZT439k in/KZT880k out; structural 0.79."
100000008732098100,peripheral,0.594213,23,0.29926,"Peripheral pattern: 1 senders, 0 recipients, KZT16k observed flow; no stronger rule matched."
100000008732488100,terminal,0.771227,2,0.63845,Observed depth 3: KZT127k retained (93%) with 1 recipients; terminal-behavior hypothesis.
100000008733049100,peripheral,0.594213,5,0.327347,"Peripheral pattern: 1 senders, 0 recipients, KZT10k observed flow; no stronger rule matched."
100000008733194100,coordinator,0.977756,13,0.79619,"Coordination signs: 4 senders, 8 recipients, KZT251k in/KZT160k out; structural 0.85."
100000008734279100,peripheral,0.35,2,0.298754,"Depth 4 boundary: KZT32k from 1 senders; downstream activity is unobserved, so no terminal conclusion."
100000008734364100,peripheral,0.594213,23,0.332929,"Peripheral pattern: 1 senders, 0 recipients, KZT26k observed flow; no stronger rule matched."
100000008735384100,peripheral,0.570323,23,0.368016,"Peripheral pattern: 1 senders, 0 recipients, KZT39k observed flow; no stronger rule matched."
100000008735802100,peripheral,0.35,1,0.393048,"Depth 4 boundary: KZT85k from 1 senders; downstream activity is unobserved, so no terminal conclusion."
100000008735832100,peripheral,0.594213,23,0.276014,"Peripheral pattern: 1 senders, 0 recipients, KZT18k observed flow; no stronger rule matched."
100000008736173100,peripheral,0.59253,23,0.357531,"Peripheral pattern: 1 senders, 0 recipients, KZT31k observed flow; no stronger rule matched."
100000008736394100,peripheral,0.594213,23,0.290048,"Peripheral pattern: 1 senders, 0 recipients, KZT16k observed flow; no stronger rule matched."
100000008736760100,peripheral,0.523441,23,0.388395,"Peripheral pattern: 1 senders, 0 recipients, KZT55k observed flow; no stronger rule matched."
100000008736940100,coordinator,0.888519,10,0.732307,"Coordination signs: 3 senders, 3 recipients, KZT451k in/KZT182k out; structural 0.65."
100000008737422100,peripheral,0.494056,23,0.402336,"Peripheral pattern: 1 senders, 0 recipients, KZT77k observed flow; no stronger rule matched."
100000008737514100,peripheral,0.483176,5,0.462144,"Peripheral pattern: 1 senders, 0 recipients, KZT85k observed flow; no stronger rule matched."
100000008737958100,peripheral,0.402086,23,0.391697,"Peripheral pattern: 2 senders, 0 recipients, KZT53k observed flow; no stronger rule matched."
100000008738325100,peripheral,0.4,50,0.432737,Seed: 1 recipients and KZT54k observed out; incoming flow is incomplete; investigation hypothesis only.
100000008738526100,peripheral,0.402086,36,0.482468,"Peripheral pattern: 1 senders, 1 recipients, KZT155k observed flow; no stronger rule matched."
100000008738658100,peripheral,0.594213,23,0.319279,"Peripheral pattern: 1 senders, 0 recipients, KZT30k observed flow; no stronger rule matched."
100000008739887100,transit,0.550089,2,0.669181,Pass-through signs: 143% sent onward; 100% outgoing value within 0-2 days; hypothesis only.
100000008740295100,peripheral,0.35,6,0.44169,"Depth 4 boundary: KZT300k from 1 senders; downstream activity is unobserved, so no terminal conclusion."
100000008740793100,peripheral,0.594213,23,0.291196,"Peripheral pattern: 1 senders, 0 recipients, KZT21k observed flow; no stronger rule matched."
100000008741372100,peripheral,0.578174,23,0.36415,"Peripheral pattern: 1 senders, 0 recipients, KZT36k observed flow; no stronger rule matched."
100000008742053100,distributor,0.987464,25,0.763628,"Distribution signs: 12 recipients, KZT2.8m out in 12 tx; investigation hypothesis."
100000008742266100,peripheral,0.594213,23,0.312774,"Peripheral pattern: 1 senders, 0 recipients, KZT21k observed flow; no stronger rule matched."
100000008743913100,coordinator,0.957521,36,0.839291,"Coordination signs: 3 senders, 13 recipients, KZT149k in/KZT1.9m out; structural 0.80."
100000008744364100,peripheral,0.594213,23,0.299521,"Peripheral pattern: 1 senders, 0 recipients, KZT24k observed flow; no stronger rule matched."
100000008744799100,peripheral,0.594213,23,0.253833,"Peripheral pattern: 1 senders, 0 recipients, KZT13k observed flow; no stronger rule matched."
100000008744849100,peripheral,0.55821,23,0.373629,"Peripheral pattern: 1 senders, 0 recipients, KZT44k observed flow; no stronger rule matched."
100000008745474100,peripheral,0.564715,23,0.370349,"Peripheral pattern: 1 senders, 0 recipients, KZT41k observed flow; no stronger rule matched."
100000008745489100,peripheral,0.521422,23,0.389294,"Peripheral pattern: 1 senders, 0 recipients, KZT56k observed flow; no stronger rule matched."
100000008745643100,peripheral,0.594213,23,0.3217,"Peripheral pattern: 1 senders, 0 recipients, KZT20k observed flow; no stronger rule matched."
100000008745676100,peripheral,0.35,23,0.257353,"Depth 4 boundary: KZT35k from 1 senders; downstream activity is unobserved, so no terminal conclusion."
100000008745725100,peripheral,0.548004,23,0.377761,"Peripheral pattern: 1 senders, 0 recipients, KZT47k observed flow; no stronger rule matched."
100000008745863100,peripheral,0.594213,23,0.295234,"Peripheral pattern: 1 senders, 0 recipients, KZT23k observed flow; no stronger rule matched."
100000008745884100,peripheral,0.594213,23,0.285384,"Peripheral pattern: 1 senders, 0 recipients, KZT20k observed flow; no stronger rule matched."
100000008746025100,peripheral,0.594213,23,0.325748,"Peripheral pattern: 1 senders, 0 recipients, KZT22k observed flow; no stronger rule matched."
100000008746449100,distributor,0.960663,6,0.744301,"Distribution signs: 10 recipients, KZT1.0m out in 10 tx; investigation hypothesis."
100000008746673100,peripheral,0.527254,23,0.386597,"Peripheral pattern: 1 senders, 0 recipients, KZT53k observed flow; no stronger rule matched."
100000008747113100,terminal,0.847689,11,0.683011,Observed depth 1: KZT198k retained (100%) with 0 recipients; terminal-behavior hypothesis.
100000008748408100,distributor,0.973631,3,0.757663,"Distribution signs: 21 recipients, KZT1.5m out in 22 tx; investigation hypothesis."
100000008748795100,peripheral,0.54834,1,0.402552,"Peripheral pattern: 1 senders, 0 recipients, KZT47k observed flow; no stronger rule matched."
100000008748914100,coordinator,0.9,4,0.783936,"Coordination signs: 2 senders, 13 recipients, KZT180k in/KZT4.5m out; structural 0.94."
100000008749063100,peripheral,0.594213,23,0.312798,"Peripheral pattern: 1 senders, 0 recipients, KZT19k observed flow; no stronger rule matched."
100000008749405100,peripheral,0.575146,23,0.33324,"Peripheral pattern: 1 senders, 0 recipients, KZT37k observed flow; no stronger rule matched."
100000008749406100,peripheral,0.594213,23,0.304879,"Peripheral pattern: 1 senders, 0 recipients, KZT17k observed flow; no stronger rule matched."
100000008749618100,peripheral,0.547218,23,0.378122,"Peripheral pattern: 1 senders, 0 recipients, KZT47k observed flow; no stronger rule matched."
100000008749900100,peripheral,0.594213,23,0.273085,"Peripheral pattern: 1 senders, 0 recipients, KZT17k observed flow; no stronger rule matched."
100000008749989100,peripheral,0.594213,23,0.290048,"Peripheral pattern: 1 senders, 0 recipients, KZT16k observed flow; no stronger rule matched."
100000008750464100,peripheral,0.594213,23,0.235552,"Peripheral pattern: 1 senders, 0 recipients, KZT8k observed flow; no stronger rule matched."
100000008751349100,peripheral,0.594213,15,0.318757,"Peripheral pattern: 1 senders, 0 recipients, KZT12k observed flow; no stronger rule matched."
100000008751380100,terminal,0.916256,6,0.690051,Observed depth 3: KZT346k retained (100%) with 0 recipients; terminal-behavior hypothesis.
100000008751429100,consolidator,0.900151,10,0.717274,"Consolidation signs: 3 senders, KZT386k in, 1 recipients; investigation hypothesis."
100000008752616100,distributor,0.965418,6,0.856733,"Distribution signs: 7 recipients, KZT1.3m out in 7 tx; investigation hypothesis."
100000008753061100,peripheral,0.594213,23,0.33258,"Peripheral pattern: 1 senders, 0 recipients, KZT28k observed flow; no stronger rule matched."
100000008753193100,peripheral,0.579071,23,0.363595,"Peripheral pattern: 1 senders, 0 recipients, KZT35k observed flow; no stronger rule matched."
100000008753897100,peripheral,0.594213,23,0.301642,"Peripheral pattern: 1 senders, 0 recipients, KZT24k observed flow; no stronger rule matched."
100000008754608100,peripheral,0.594213,23,0.252826,"Peripheral pattern: 1 senders, 0 recipients, KZT12k observed flow; no stronger rule matched."
100000008754747100,peripheral,0.553275,23,0.343004,"Peripheral pattern: 1 senders, 0 recipients, KZT46k observed flow; no stronger rule matched."
100000008754997100,peripheral,0.594213,23,0.278024,"Peripheral pattern: 1 senders, 0 recipients, KZT18k observed flow; no stronger rule matched."
100000008755168100,peripheral,0.594213,23,0.276014,"Peripheral pattern: 1 senders, 0 recipients, KZT18k observed flow; no stronger rule matched."
100000008755361100,peripheral,0.594213,23,0.291522,"Peripheral pattern: 1 senders, 0 recipients, KZT15k observed flow; no stronger rule matched."
100000008755580100,peripheral,0.594213,23,0.268891,"Peripheral pattern: 1 senders, 0 recipients, KZT16k observed flow; no stronger rule matched."
100000008755754100,peripheral,0.594213,25,0.246661,"Peripheral pattern: 1 senders, 0 recipients, KZT7k observed flow; no stronger rule matched."
100000008757301100,peripheral,0.35,1,0.380888,"Depth 4 boundary: KZT58k from 1 senders; downstream activity is unobserved, so no terminal conclusion."
100000008757369100,peripheral,0.402086,1,0.4873,"Peripheral pattern: 1 senders, 1 recipients, KZT84k observed flow; no stronger rule matched."
100000008758106100,peripheral,0.35,6,0.224107,"Depth 4 boundary: KZT10k from 1 senders; downstream activity is unobserved, so no terminal conclusion."
100000008758168100,distributor,0.974496,36,0.812638,"Distribution signs: 5 recipients, KZT1.5m out in 5 tx; investigation hypothesis."
100000008758607100,peripheral,0.35,6,0.205977,"Depth 4 boundary: KZT5k from 1 senders; downstream activity is unobserved, so no terminal conclusion."
100000008759795100,peripheral,0.35,47,0.183661,"Depth 4 boundary: KZT17k from 1 senders; downstream activity is unobserved, so no terminal conclusion."
100000008759857100,peripheral,0.287461,36,0.529235,"Peripheral pattern: 1 senders, 2 recipients, KZT999k observed flow; no stronger rule matched."
100000008760098100,peripheral,0.339278,36,0.510921,"Peripheral pattern: 1 senders, 1 recipients, KZT397k observed flow; no stronger rule matched."
100000008761132100,peripheral,0.35,6,0.224107,"Depth 4 boundary: KZT10k from 1 senders; downstream activity is unobserved, so no terminal conclusion."
100000008761219100,peripheral,0.315612,61,0.61746,"Peripheral pattern: 2 senders, 2 recipients, KZT425k observed flow; no stronger rule matched."
100000008761220100,peripheral,0.35,6,0.224107,"Depth 4 boundary: KZT10k from 1 senders; downstream activity is unobserved, so no terminal conclusion."
100000008762005100,peripheral,0.35,6,0.206771,"Depth 4 boundary: KZT5k from 1 senders; downstream activity is unobserved, so no terminal conclusion."
100000008762728100,peripheral,0.594213,17,0.376564,"Peripheral pattern: 1 senders, 0 recipients, KZT17k observed flow; no stronger rule matched."
100000008762832100,peripheral,0.382346,4,0.434376,"Peripheral pattern: 1 senders, 1 recipients, KZT235k observed flow; no stronger rule matched."
100000008762843100,peripheral,0.35,6,0.215669,"Depth 4 boundary: KZT7k from 1 senders; downstream activity is unobserved, so no terminal conclusion."
100000008762885100,peripheral,0.35,6,0.215669,"Depth 4 boundary: KZT7k from 1 senders; downstream activity is unobserved, so no terminal conclusion."
100000008763688100,peripheral,0.594213,23,0.291196,"Peripheral pattern: 1 senders, 0 recipients, KZT21k observed flow; no stronger rule matched."
100000008764436100,peripheral,0.594213,23,0.276038,"Peripheral pattern: 1 senders, 0 recipients, KZT13k observed flow; no stronger rule matched."
100000008764654100,peripheral,0.594213,23,0.309873,"Peripheral pattern: 1 senders, 0 recipients, KZT26k observed flow; no stronger rule matched."
100000008765494100,peripheral,0.594213,23,0.322516,"Peripheral pattern: 1 senders, 0 recipients, KZT24k observed flow; no stronger rule matched."
100000008765627100,peripheral,0.514917,3,0.376395,"Peripheral pattern: 1 senders, 0 recipients, KZT60k observed flow; no stronger rule matched."
100000008766031100,peripheral,0.35,6,0.206397,"Depth 4 boundary: KZT5k from 1 senders; downstream activity is unobserved, so no terminal conclusion."
100000008766764100,peripheral,0.35,6,0.205977,"Depth 4 boundary: KZT5k from 1 senders; downstream activity is unobserved, so no terminal conclusion."
100000008767027100,peripheral,0.594213,36,0.310946,"Peripheral pattern: 1 senders, 0 recipients, KZT5k observed flow; no stronger rule matched."
100000008767065100,peripheral,0.594213,36,0.331127,"Peripheral pattern: 1 senders, 0 recipients, KZT10k observed flow; no stronger rule matched."
100000008767925100,peripheral,0.594213,23,0.304879,"Peripheral pattern: 1 senders, 0 recipients, KZT17k observed flow; no stronger rule matched."
100000008767950100,peripheral,0.594213,23,0.274363,"Peripheral pattern: 1 senders, 0 recipients, KZT17k observed flow; no stronger rule matched."
100000008768896100,peripheral,0.548004,23,0.377761,"Peripheral pattern: 1 senders, 0 recipients, KZT47k observed flow; no stronger rule matched."
100000008769097100,peripheral,0.591969,23,0.325363,"Peripheral pattern: 1 senders, 0 recipients, KZT31k observed flow; no stronger rule matched."
100000008769636100,peripheral,0.594213,23,0.328691,"Peripheral pattern: 1 senders, 0 recipients, KZT23k observed flow; no stronger rule matched."
100000008770483100,peripheral,0.35,61,0.222305,"Depth 4 boundary: KZT5k from 1 senders; downstream activity is unobserved, so no terminal conclusion."
100000008771627100,peripheral,0.594213,23,0.292149,"Peripheral pattern: 1 senders, 0 recipients, KZT16k observed flow; no stronger rule matched."
100000008771814100,peripheral,0.594213,23,0.321215,"Peripheral pattern: 1 senders, 0 recipients, KZT24k observed flow; no stronger rule matched."
100000008771819100,peripheral,0.57122,23,0.367681,"Peripheral pattern: 1 senders, 0 recipients, KZT39k observed flow; no stronger rule matched."
100000008772058100,peripheral,0.538246,23,0.371909,"Peripheral pattern: 1 senders, 0 recipients, KZT50k observed flow; no stronger rule matched."
100000008772246100,peripheral,0.557649,23,0.341251,"Peripheral pattern: 1 senders, 0 recipients, KZT44k observed flow; no stronger rule matched."
100000008773876100,peripheral,0.594213,23,0.341296,"Peripheral pattern: 1 senders, 0 recipients, KZT26k observed flow; no stronger rule matched."
100000008774237100,peripheral,0.402086,35,0.428469,"Peripheral pattern: 1 senders, 1 recipients, KZT60k observed flow; no stronger rule matched."
100000008775471100,terminal,0.962994,36,0.705109,Observed depth 3: KZT580k retained (100%) with 0 recipients; terminal-behavior hypothesis.
100000008775747100,peripheral,0.35,6,0.205977,"Depth 4 boundary: KZT5k from 1 senders; downstream activity is unobserved, so no terminal conclusion."
100000008776298100,peripheral,0.560902,23,0.372227,"Peripheral pattern: 1 senders, 0 recipients, KZT43k observed flow; no stronger rule matched."
100000008776310100,peripheral,0.594213,23,0.281176,"Peripheral pattern: 1 senders, 0 recipients, KZT19k observed flow; no stronger rule matched."
100000008776420100,peripheral,0.503477,23,0.365134,"Peripheral pattern: 1 senders, 0 recipients, KZT70k observed flow; no stronger rule matched."
100000008776576100,peripheral,0.594213,23,0.292133,"Peripheral pattern: 1 senders, 0 recipients, KZT15k observed flow; no stronger rule matched."
100000008776720100,peripheral,0.594213,23,0.309873,"Peripheral pattern: 1 senders, 0 recipients, KZT26k observed flow; no stronger rule matched."
100000008777088100,peripheral,0.594213,23,0.310156,"Peripheral pattern: 1 senders, 0 recipients, KZT18k observed flow; no stronger rule matched."
100000008778010100,peripheral,0.35,23,0.321718,"Depth 4 boundary: KZT77k from 1 senders; downstream activity is unobserved, so no terminal conclusion."
100000008778753100,peripheral,0.35,14,0.225622,"Depth 4 boundary: KZT10k from 1 senders; downstream activity is unobserved, so no terminal conclusion."
100000008779584100,peripheral,0.591184,23,0.358277,"Peripheral pattern: 1 senders, 0 recipients, KZT31k observed flow; no stronger rule matched."
100000008782056100,peripheral,0.594213,23,0.350571,"Peripheral pattern: 1 senders, 0 recipients, KZT29k observed flow; no stronger rule matched."
100000008782421100,peripheral,0.542508,23,0.380306,"Peripheral pattern: 1 senders, 0 recipients, KZT50k observed flow; no stronger rule matched."
100000008782800100,peripheral,0.560004,23,0.372739,"Peripheral pattern: 1 senders, 0 recipients, KZT43k observed flow; no stronger rule matched."
